sample_index,source_trace_index,case_id,variant_frequency,trace_length,trace_sha256,alignment_cost
1,2055,180175,1,62,699aeca59eab4a3bcd82953ff11a57937fcf2929f23c2f222ac6c253ac499e16,0
2,371,174851,1,68,a808b332878785e18f8eacd7ca37b6038156e4e874898210477041357781bc11,0
3,6364,193497,1,42,120dc16c8ee81524d0126e870e11cfa6ff338ad362fb05f72e15bd595a6fb06b,0
4,5584,191085,1,48,10ba9de5814bf2a91daba2a29cf26f3b7982ddfebd1c040131c8492de89fff35,0
5,5045,189403,1,37,3112c22a745ef6f346036ef074f936bd4d666c60cb1f053e6ef3bd0e83acba08,0
6,2646,181987,1,32,4c89780b27d83fbc4953da7cced10a44df97d0c2354ad9cbe13d48a5932042fb,0
7,1869,179567,3,22,7beda5541f72e58c085dce9808d09d54cb92c928a7f63fa2bb26e2ec8a01ed34,0
8,1558,178590,1,54,38cc27c1faaaba602281326cda24282891614a7201ae217ea041e49806de271d,0
9,10167,205364,1,57,437b33c7228e41df0faccb9f6634a9b81e9a7411883fa294d844470f8c413fb3,0
10,477,175177,1,48,5118944a89e4a410faae7d50fd8025982f6ad4a8c323749f862746ff9dc5d077,0
11,436,175054,2,33,9da18b2f0d46725a213a6029c428483fc120dddd344e32a2ca79ef07d33b271a,0
12,1689,179023,1,26,69f17fa9272d6f90c612d5141c30d3ed96a622ba964f0ab0b23fff1adfd08689,0
13,4916,189016,1,26,b9ccaa68cc67f9647fee192814a4cf594f7dfb2aff54250f455c95e6a8ba851b,0
14,5304,190213,1,58,36484e0e68c5702822053503a95f7494f400fdf1fa5a7a5b08182b8a31458b25,0
15,12374,212196,1,55,59fedc50f645a7f1264549292f4aee1de9ec0931c64cd5941803ce128a4f2f37,0
16,392,174914,6,22,98431bed94596f3f0eebce8ce1055636b275bbb55b159298403dea36552585de,0
17,4334,187178,1,38,fc2cf128e025508cd9d385b7e14196945b4ee31ac0f2239ce2ade97e9d47f313,0
18,10110,205179,2,27,dfafecf5c34adff77ce00ba89e14c5362151fbc9f1bc4cc38a98c57f42b888eb,0
19,4947,189109,1,43,5f54c03893090e5592a811a5756f5a2d6f0c12b9fa40e1cf430b716d012c84b7,0
20,10805,207380,1,44,e45eed8b1ab22ca278a7a8816ee6671fd45d9a1a88be1734dbc7a36f1b74f728,0
21,6483,193855,1,44,b6c6e0902300b905da51aaad0dc802d8f976b024b74170cf7b4239e1eb3954fa,0
22,84,173937,27,32,3012ab635b9a1fdcae2f4d13f97e175faa9ea20b73ac9f7d967e9d07083f2c8d,0
23,3056,183232,1,38,a33fdb38a727123231e70a5653f9bf18804799617a588cd3f18f95a04a7750b5,0
24,10184,205415,1,34,212f2ffdaf5506bf362a273716ada6d8148b2198a8da2473129e9eac24146d30,0
25,8001,198606,3,27,28db97e36dd61f20c0dba380ef63f76bb8ac133df618edbdee33a6b1a2a64272,0
26,6480,193846,1,33,ba2a34fc309effda796b71285dbfdeb445f19220abbd3f55d82029cfa7247654,0
27,2960,182939,1,44,938bd424a0bc7862f0a04fb3b01bddbf73fc15433da428923386adde44436f43,0
28,4814,188678,2,23,133f7e3febf5b16307568e851987ee59aa6a84c1b1888ffc43a7c430b8e56553,0
29,7914,198334,1,46,16ad90a8a4ce7109a2f6c6eb37ace77478786b3875e27ec5a620180987ad1c25,0
30,1862,179546,1,40,62b3ec4a700511031b4f781d0d8c68242dd780af21957fb98538b1695fb1742d,0
31,1668,178942,1,76,cf49bb8664682e47d53d826acb36b9a01db5540a84741ede801139dae6198d8e,0
32,9048,201888,1,30,d7534fa69ee7c231ab9a2bee950c6c584f12cd698923ffb3b4cd26cec3f25a45,0
33,1766,179254,2,22,38d96201678d3676e1388c7537f1517561484ee5f128646033a4fc0fbaad3d5a,0
34,8507,200173,1,64,075fd1d075ca0f4d784d07a892a9e4d422ad8ae51cdef84288e1d32c2252cb14,0
35,8101,198906,1,26,c46f2ff12e7c12942d96924caaf80b237337ee696492e249eabaa87f000b8680,0
36,6093,192665,1,39,1513655812af02d5a0437781d82d0f054cc17a919f5316a50efbcfa416b26342,0
37,677,175807,1,36,1156e19d6566c7414094561beb66b43500b1d0db61c2d58699546ab5c698e72b,0
38,11117,208337,1,67,6eb1ff73def0e10ed3d584e11c1afb52d50853d5f23cd945167ba8d93eea7ab7,0
39,2325,180998,1,48,263f924c61e3834ce8bba102697d88bc6bda0f6b18b3a29ed8ed53bf7dc64479,0
40,9018,201779,1,41,6e9b0637f80972d11ba7423b1c9675db325720d1e0d21921ea556d3aa1ffb826,0
41,1363,177965,1,34,53b777bd9858d7022c7180592f183608cb8ce291d0fd21368d35d8109bd0a90c,0
42,6850,195036,1,48,322b022542d46fe1e9e1ed8d445708f8e3b0c9b03f0d33da5c51a141280eeecc,0
43,8580,200392,1,38,45ea381b30a0f025e66272c2d94d143846350f03d3899c47ed8df58f3f470547,0
44,4024,186235,1,41,b49b1a5800ef30d5d05b1e37611c9208a92eb008c917df28bf917fbac0e49314,0
45,1167,177350,11,37,62dbd58d0349374842d5f726bd673dce9edfd9ac0df49c416ff6a8b085153218,0
46,737,175997,1,35,23abd4a6a7346586d85933742d2ebd07c9780b9ea1dfe4499690c034b11f2553,0
47,5168,189784,1,44,33978088f7c3e64fc1ea59e95f40a49789156a1eae841786746624cb6b24aa79,0
48,6757,194719,1,32,2a1b65e1f85853d3d0da41dd4c933c30fbf068ae36b3219bdc90d8637bede3c5,0
49,1374,177998,1,52,1c1131b11ee6d4f7ca0cc701df2f1a5eeb6e725629dbce9dd42dd5facc93397b,0
50,5313,190240,1,42,ad8a1d2fe00e5e28b9366a66baec5dc53f5c788209d7f753de1d805409b7238d,0
51,1840,179480,4,31,ba568c9b210e26b536c084fafaaf6d99e90d7cbabd6b4de153201b7fc522ac8c,0
52,9049,201891,1,45,c2197c75c725e9d784239ecdd18d970d942b4c890aa30e428ad935a8b70b44fa,0
53,6481,193849,1,63,f45c64cea76d28e7ab1052aa9b40c4319eb8869a7d34157afde915ec48076bdf,0
54,10953,207831,1,42,fcdcee65cb3d156d98e2fc279abc3a2e8466881c2eb0c8fc78cd1f243cb95f7a,0
55,8676,200707,1,29,f6d75f2195269e19ebab3a051b3bd3306e619e607ab8de64099da3334ab03d09,0
56,3133,183483,1,42,c461be318b0966b06a70097d849beaa1c1585139e92063712772132232054aed,0
57,8818,201144,1,38,7fe4aa0d3be22b016fcff8ac26e3d6ec75cae5710716c649b29eb25c72b1e450,0
58,8397,199824,1,35,1a18cacf11d3e17a58ca41ae2719b36350c806c8ab4fe64d4aceb16705de505b,0
59,4689,188283,5,25,cbe1bc9875d2c14c2279ed239148af33f7073286547315027e16e5297f509b3b,0
60,6147,192828,2,34,3bf0b6e25e6912a0f593f1248c1f0cb4e262241fa27d5bb05d75149beb037dd4,0
61,1212,177501,1,28,18da1f957134a5c3f22d4113bccb8d480de824909367be713c621b005a179d98,0
62,3459,184484,1,39,b21e0cf06c0d09f30974009b205b6dfb82b571e1d0d4e0458ea968c54fc1fb20,0
63,5581,191076,2,28,d6b377b492ed0b2df447884db7ca264ec7a142a8a68524c45e9eefae650dd767,0
64,3143,183513,12,12,0948341df9ec5a77c6381b4c285b3e3722ebe3826d8f9b7c7b886f7afa8a23b2,0
65,11190,208556,1,41,66edbd4368d2788f274befd5496c3d975b698e48a42fdec7020f43c3b4c1fe10,0
66,9041,201848,1,47,c1c75d94e87ebc4920b09d9334b00982b30a87e93f6f3cb832016bb5b846b68d,0
67,6236,193095,2,30,5e333206786477a51554123616749b36ad5e64de8692630771115654572ecef4,0
68,4938,189082,1,40,1aa7ac02657207bc29d5ff728bb0ad9e99cca017a9630b3213d6c31bceb148ff,0
69,7576,197297,1,54,f7ddd83d02b5d6d4b152078a36d855e46c8f1d4b635df1cac955a8bac1b2031a,0
70,910,176542,1,125,e0ad558fa9cc15d7794a27e34e9c08c770e93c3fc3d2ce80c0156e476f003bc8,0
71,5205,189895,2,29,c429f9f2b1ecdece10eb452c329a522821a6f97a824920cb25e6d2e943fc6a8d,0
72,479,175183,1,32,359d38e0d0950df795f8c405a84de690917d823a93cc8e239f1e283e93844e15,0
73,7363,196648,1,63,99e64020d4f1238565e8ae87acec979e3e4ebbd8040cfa748fe509adeb327485,0
74,9592,203585,1,35,9d0dd5fa82503a9de7da80e507f628f15f0dfcc39c883f13c5d63a58d1ca4c22,0
75,6177,192918,1,36,b0ea020a0bd0a5947d59b4f197c219cb4896d0d6706bd56f2253b918bafe0b15,0
76,1095,177134,1,80,0b07c39de304dd961df2513e9bfc349c2e44d217babc74435c1fe247b6db6c0f,0
77,4728,188401,1,60,fb1b87fb19c1ca8344831ebe4474efb2720de50bb6b89f3a139a67b378f8f655,0
78,7348,196581,1,61,01fe93192d7c17d3d9eb4dbe7a630d704bcd8f9f92342f70ec732104ba623c8f,0
79,4761,188500,1,49,cbc714454a39c90af28866bffd311978fb7922ef3a8db133b1186d05495f0efe,0
80,12170,211570,1,38,fe93f1b714108ff053d5399d9890a81fe60cc49a4222ee6156c5bb5fa318fcfa,0
81,9486,203251,1,36,0ad90f82a385491c24960fdcf6f6bce7266d0da038503892dc4d0d3e7691b6c3,0
82,11091,208259,1,66,a27ab2aaf26f838442fee2d3e52c794d7a314339565ddc7fdebabc05f2622c13,0
83,2704,182164,1,29,0d70448282cd122e5e6f0bd5b02c4066e5530d2c8faafa4dcfdc6a1809ce1dd5,0
84,6101,192689,2,27,b6bcabd1dd0d7e416880c0dcb3912fd75185643f1f8e7ee49c1bde85f88bc855,0
85,5635,191248,1,38,210497f0fdff00bd02198a540d54fa9fc7434a62c585f87ad0c7cb3c103dda83,0
86,6064,192578,2,30,b07d17b461c200254d32023db0a0c711b81693b1b07a61750891f967e5f3c4a5,0
87,10311,205837,1,29,8bb8e75b71384224ac0fb3574066659feddca176c0c1243cb794f471ce103c81,0
88,9551,203462,1,47,c3bba7a899acb1789b865999ee4cade2e33593723bbbd7779e8b5c871b92ea77,0
89,8608,200503,1,35,4b988e5f4b2661ff2dcbe1e9a22f04371c4a64f75e21489e3e57f7e3844d45f6,0
90,4929,189055,1,31,d95627290506d7a662eddab33c0defa692ca1f4d1aba0e701c7b05a55e4398ad,0
91,2623,181918,1,46,0a9a7980463b018e2d94a804c7a53ac9d0533c1ac526dbe668f9adfad97275b4,0
92,12491,212548,1,33,97ae8009715067624f3e2b6b73a3181ec7ed096b4b07af282e1d4b4a3dcc3ff6,0
93,12012,211086,1,23,f8bf4343ed4f4a491b30e725b84b1f11c0131c6a796c0ac68770f0e596820104,0
94,1636,178846,1,34,76f14cf0380ff04ea67e580760ed20661deacef6c18a234f9a57ef8613683619,0
95,758,176060,3,24,3fefcd4917b2eb29bc5ee08ba918cc3029b470cd8a6debc1566fa2b7a6089058,0
96,2018,180040,1,28,b512e9997373257fde376861efc03fc250e2f6676eab20f255b32bfda0129856,0
97,2904,182771,2,40,c630c11f90a50a0747dff56237cd624d7b7d0a2ad11b5e1c4f8cba38856d3f27,0
98,3059,183241,1,28,806f4e8c241897d7f39dd926e65c29004977eea9c75c0e1a1ad22bf657c355c9,0
99,10172,205379,1,32,8fc7c76ecdf9869f5d0ebaaf15d288f12efc0b47de20aac22d434b916b6a2f2e,0
100,1043,176960,1,50,89da9ffa8d5d318aa07fbb08b5d010ae98adab3ab157655adfb3e3184b198a4f,0
101,9181,202292,1,29,c6783ce3814363a52a6b82c733325781edda6c2d2240939d6ec9e4e452fa02e7,0
102,9092,202020,1,37,4a95992c6c9b396cc5e609c15a20af95ac10f523e2a466cf917cf5405f2b6cbd,0
103,11345,209021,1,38,33abdaf00824df648caab3fd9b54cbcbc749673a3aaf071690a9ea7efbef8f0f,0
104,12977,214046,1,72,676b268b3ebc5186b26b129ff02472946c13ba9c421854f928dd7f8421fdb8ca,0
105,5764,191644,1,128,c1598acfc135fc65e8dca4770fe5af0e9cc0dc16d6b8b44cb6449babd9bf9a61,0
106,154,174159,1,60,a2d23483c4ee0170bbc2e3f3f93e74974a707f7d4411c05657f4954c7790bbc7,0
107,2116,180358,1,51,d31a29510d66205876b2d591dad446a5533c15fdeac400d0b15e1ab0a94b608c,0
108,6135,192791,1,32,ce3a49b65e4db0a18f7096d81bf6396a6c0823ec137db97ad5ffa5e10b810176,0
109,7998,198597,1,46,bd231b2f81d26fd5de88798055f1491c469c9038f317c5e176dc52c6c763070d,0
110,2056,180178,1,20,f8355de73cfd0feffc90a0383f84ada45130afd4199271b06cabadbe69d46dc1,0
111,6853,195045,1,38,76500614ed130d4454d82f2992e612f4b5849734aa241ad5eb78c4b171268b80,0
112,10450,206264,1,68,59710bb005435f41c2596fca576246774870bf2a86d54a9320a1525432c80263,0
113,3029,183151,1,42,6aa0f9b8a39bf9e6f597d4955f421476e8d92272fa17cfc02d0596a1377ef918,0
114,10960,207852,1,34,7c823e24e04894d03678ba9a6a6f79104e37785f9eb74502794df355d6cd5f0b,0
115,34,173787,2,35,0e31ec4478122911f15bc0db96b824486e5b5af6a7d934932685239105df3703,0
116,6074,192608,1,52,21d24622f59d753368a92a63b8c4650969caa9e51684e31809c072710a633716,0
117,12215,211706,1,33,1d128a7090a7808124833cd519c799aca6d2b009ecd3151e177e5b5d29339b3b,0
118,3662,185111,1,47,bd67bb5a022c69a49d3d743f734da714e2077bb93fbd8f593a87c6107a40d26d,0
119,12429,212361,1,42,e8b81ee96212f5097aae60f2d6b08e6bab874ca57b15976bb55fa8193b73a1ab,0
120,1952,179829,1,38,0fd82c2d0c5c135f4cd3765ba045b1a39dc6a3a1fe70df223a0ccfa5d4a31d4d,0
121,6946,195344,1,29,42b465da1d5affae3d72a4a949203c702482e5ea67e684dfc125c43ecb8253c9,0
122,4337,187187,1,30,49211c4707884a47e250ad7b195882fc0d17fe7468ad4e5e3e244777ed230a83,0
123,8910,201439,1,50,a856ddbfeb35e6d626795e95b174420e64f266543da525fe20818a6ec8ce05a8,0
124,3086,183342,1,30,fef102b4da3d0b2d57fbe787a198217f3b609a4c8649f09a63153b3b0016e72b,0
125,13019,214172,1,43,d5189f0b98bd0970e68b96e1deb1a9381993fddf9b3396b17558ddbc16c19a20,0
126,6,173703,87,9,79984c20398491801f9f2ba7aa87161702ac98581e67b78802879305c2d66185,0
127,7572,197285,1,59,883a2671c8eb2608efc5af99acd0eed22e93a3e4dc2e5f404ec9ca6807b42fca,0
128,11891,210719,1,41,4ae11f3b0e0566aa825b096a61bd3b98546f93c21dc14b5bd8016d723a99effa,0
129,277,174541,1,41,222e89374eab25a490e6091827dca44b74add75f43f9a2520e8779147ee42ba5,0
130,2061,180193,1,61,d2baf325c0a719e8382bea5f20439e0f707e549f080941252458fee83b138855,0
131,8630,200569,1,50,7b5a6312a1a86db2d03b8eae33c3e56a206511be365116cd8eaa56e5c400e8aa,0
132,7170,196045,1,43,feff848f18825babff4ea54985e03048381cf62ef35da343a7be8337467a37b5,0
133,5472,190749,1,34,539a5aab25da33401165f4a152ecd397b4db11852213a9f4f460b7c76e8b2f2f,0
134,948,176657,1,44,b0d72a58f6d3f3ec28d35d5260ca4ac96fe26c6eac692b100177ace303041561,0
135,5498,190827,1,30,77882e837e51e9ce6e39124e0891a600b49ee7ed88560715a504c11d9451b1e1,0
136,1527,178497,4,33,ce2e92e66f0540bffacc0b55a375dcab1ef18d522a222f75b3f4f878fd9e80de,0
137,11831,210539,1,33,90ed7e1d1847de3f397d5dfea52e173b75b3467549d171039d290f6633290da0,0
138,1160,177329,1,44,feafdcdb838dc340b53c6366dca7ad3632b2b80007352cb02e08f7afe7babdcf,0
139,13082,214361,1,28,89dcd59d2eb1a5ee50af92b883afe445363f5b7c3fc1b88a1a58b3ec3a5ffba3,0
140,2351,181076,1,28,10e030300319184a5803759b9730f6590b090add13ab31559f6eb3780e7e638c,0
141,2404,181240,1,34,f73b412be0c3b91b6b06ae0eeff82dacc77c32125204ae6ae7dd9e69885f0542,0
142,11538,209634,5,10,0711537269b088aa6f37b0bd2a0efda60d802c8a1310130fd8ec432024e967d4,0
143,3177,183619,1,41,2139122b300c67b08c06344e6b70bb6e63d4078a479f4ab645d5e683f6e5d54d,0
144,6105,192701,1,27,27252297d11a18e9c4ed56dd07a6da0ab2b4043a382266ea26bd017d5882dcfb,0
145,12946,213948,1,23,94eb415765297def06f565b35be527747d35771ba0cc3de83ac808677be63d56,0
146,10199,205465,1,41,86f0b3c4dc526c19d7c306ea69ec9e69c382caba1b8fb11ba9176098832320ab,0
147,4749,188464,1,65,3e4dd43065ce3e2439b9a5758475e20ede3ea5317c4b6ea31e0e4d39a811a3ce,0
148,4399,187373,1,32,6e9fbb5f3e6b890af853d675c2b845af13ef366a6f9462a285b1a8cac83f05f8,0
149,7287,196398,1,84,6fe146168da133612bcc72c58f22a8a666b4d0e07b15bed2fe7143f0089e3766,0
150,9544,203428,1,68,1036b0616e42ef45087031e8a5a19162020e6506d3d96f4fd1bc6f99a605b12a,0
151,8896,201397,1,48,8e87f8be53b9c79a60ce3328697e840d9a7c5bfa46dcc0b4ca5501828ae1ed41,0
152,10509,206441,1,42,6b9e10a180ae2a3003ea888fed523bdf676bf806e7e2ee946892366ef3596d57,0
153,12684,213141,1,20,ef167eda8a6282e1608a30b294e23175ccc81e6cde7b0130e32cb44bf9ea66b1,0
154,10883,207614,1,28,bf9c4731410029108e49a01d98351a4462ce2e8ec2bba9777945434a26824dfe,0
155,2242,180745,1,48,e87a5d84fc40eeea230eb29a981b761b4cae58233e7ae9277a76ec4810f6a0bb,0
156,5677,191374,1,49,e717855368a5594725e62d56f208c6983e609322b0bc13236a63cf41ba498b46,0
157,5082,189517,4,22,166310cadc53e6e1395aea0bbb4844a95acae930fc1abeb89699018356d77f4c,0
158,1049,176978,1,30,606fa31c0e64dcc2545069835054d32143a17b93cb07a901770e12b63619929a,0
159,7942,198418,1,24,7e74da22c0032c19428e2ed4afad5ec637bf8e4a94963a072b57a3504a4a20b4,0
160,299,174635,2,28,b8ac21a158fa2c0d4fadffa3a9dadf14635182fae0ec234fcdbf3b760c05a787,0
161,5224,189952,1,32,e33d4cca7ec05f599fc5df15527dc69f55550ff711a0f82c2af16305b6621658,0
162,4946,189106,6,24,8a64500eb2e7eb6691bcacc419f1cab03cf2ff2e900f458bcd1bcc2bc816025d,0
163,90,173955,1,89,e70a5455164b1d2a241b5df3f8f3217ac4a4880a34f1147a794adba170e92d44,0
164,1205,177480,11,20,f11b4289e1f8151d7903cc280822a5c00af4ac7ccbfe254d6b88127e11075d00,0
165,967,176714,1,80,9bb09a206254e3a9fa2dab9447a390fbf1a2048d68921f157850301c55134ace,0
166,5201,189883,1,40,82bfc1147834ebaed6460251d1b5b04e479590313affe232ae783d20228051d4,0
167,1120,177209,1,32,db4a3b1def76dc2664360eecf6eddea8454c5afac6122bbf69504f7e102f2c2a,0
168,472,175162,2,22,fd5383fa9ec8a14ae7681ce699b4a1a9a834b9ed7f3fb49770ba5236f99a52c0,0
169,7722,197737,2,24,b4570ba3a105abeadbb6a63226837e05f73530be45fa6617455218dde6924416,0
170,1202,177471,1,54,7d4f319144e39c288a29f3875472807c7be3206a6bd0ae7a10bdef4d6c2dd1ab,0
171,12613,212914,1,33,c7339c666d96ff5d18662c1d118c655c1153ce44ea69ee3f743b422031231bbd,0
172,5443,190662,1,40,0ef87fbb23b6551d5a4a745a14eae1c1930704a18dd745f02a6ba89f15121186,0
173,6489,193873,1,24,ba6f2b6c14411b34e2166a49f84d4f7b939b5d081f70fdc09a9064a1fab2001f,0
174,11821,210509,1,44,866de733e1fb1c60cd16db6f06fdea57c5ebfba38aa40f3335fdc3744df07d26,0
175,4788,188581,2,28,a9b964fc963c484f278b4d83d885251f91ee4299ff3f29ac6e36905957abfb67,0
176,2496,181523,1,26,c255328e4ded7f36db86932685507979ed2b9cfb3e13079d82777218cc6a2a7b,0
177,11483,209437,1,37,1437e1acd1b1c893283f9945beb2881e3209c1a6eb70be5be72a9184f778be40,0
178,5537,190944,1,40,e7a0a314529f14c6347a94b2fdbfd08151c2e763e1a06594b0ba94f0ce657719,0
179,11489,209455,1,47,5c3d2c6ace65ff446ba2c2c482d651b4652526aeaec2d00428816e09054b7056,0
180,9752,204075,1,35,760f5decac1856e850baed99ac50e971f9a059d747d5c7bcf6461bdb664fe590,0
181,3979,186088,1,66,2ee04eaaa42c447d760485177357b9e635f65191c844473e5e9bc88e6e4773ce,0
182,1703,179065,1,34,3c087a7681a20ed3d906ca3ab23fa87ee3b2687d80c36f93d6add61a5b68dc37,0
183,1774,179278,1,28,16f31ce71bb5af1a944b3cad03b3c7c89748ac494869a43f57f5380c93fc5900,0
184,10397,206099,1,54,25e9d0a4a92a46e3bb613ccb2c687d2a5426b02dff3e2201964bccc06d76a8be,0
185,8378,199762,1,33,3ce9065a01b1aaa5fcb89884edae8e941cd41eed7b955af080761b43607474f5,0
186,10208,205508,1,60,541577791657b82015e69420a1445edde892f405d540032d741c1171be288cbb,0
187,9860,204421,1,38,0139391eed390b8ed4557ee40f65c80f060b8a5c5a5b8a9b3c87c27b15ffb894,0
188,11324,208958,1,42,f9713f00f64e79ee37bfb479072381cfa6ec02f317ca51460dc29bf379ac931a,0
189,872,176428,1,20,269f85614f5dfbc06613abbafc398bd31ead4fbaae7a0874d24d5fc463e40366,0
190,1801,179363,2,27,818d47093e8320b54924a734858cd9b940e82bcf6cb87f4e4765f85d47ba1546,0
191,1000,176813,1,69,a8a32665e804da716bc9f02a157b6a835d86f9a4cc81c43c21edab8544b791a8,0
192,9643,203738,1,31,82ed30ef1a799722268e491936eb17e43b9c037f367a58e625fc0010c02910c6,0
193,7980,198543,1,79,ff7aac45ba5d377df1652e9007cf586e030486ea8f51447102322700df7f4945,0
194,2013,180025,1,52,27f2500241d45e99755f6aff184b09d993fcd78e3e80c72f36f702aafb2040e3,0
195,5691,191416,1,28,eb185fd947aef951cbc33b21a16f470dca6766a8a5e60e1cb6e91e584acb3eed,0
196,4007,186184,5,20,c983ca9cf269a692680b0d1728fb75f01f3f09a231eaf72f0b7a2dce0dfecd5a,0
197,3976,186079,1,44,9112c0e5d0f61f8a1cfd6fd811ef3c1c386c62d0cf8a69bb335a59283d39b8d1,0
198,10789,207302,1,38,9c1965fd06436df20222c56cc58ec21f39fefeefadb6933d074853e1d7b009fd,0
199,2659,182026,1,34,1ac223a065033ae905da27d15daf935b2bf2505671b729db0dc277d8ad3ac5fb,0
200,3779,185473,2,26,2836b4ab38abcfa72d3b1c7d307b2ce018f3dcf38d512c815ce39a113747374c,0
201,11201,208589,1,46,366a812f5814823cff90072575a10669dd1163252fa48777a113628e70add0e9,0
202,5717,191494,1,64,876485f27c6e0c2d1d0be1d91511c6d2b3238cad0b23462befbdb671bcb16969,0
203,1279,177708,1,38,a39c7b848ebaa1619723fb0cefbb9e40380337600b308747a4747e1a6e3e0395,0
204,10625,206793,1,34,e91e6409f3b34b5207aed3974c7382c7f52559c2696b942ee9e789bdfd4b2f77,0
205,1790,179326,1,32,7dfa9341c1637c22050440dd1c41d0a6746d10b7790231a9ad7f8a9fc8c6e8a3,0
206,823,176266,1,24,5aa65f6e1322ccd63650d6ad2aa978ecc714a3354085e77744801eeb874f382e,0
207,209,174337,1,70,fde04b3dc091de4f88e6fe960c816f49874094fe57b3643e8ee38c75b50c9d5d,0
208,1683,179005,1,36,3e5a234e90da5c18fb6ddb286c3c703390b8208d58a7cc4d4cb78ac617921b12,0
209,5406,190543,1,47,db49358fce36cda1669a8ec405952053870e5d4d6c4438b282809a1cfd145dbe,0
210,3247,183844,1,27,3f4ccc68d659fcf875a461e17b9523748d0829406cfae442ea5d97c5146a5c50,0
211,9741,204042,1,35,471b1ecb7394a297f470f434fa63b8a7d0c9015d7b8538fe2912b6b9ac305b47,0
212,11823,210513,1,29,693eaa41b4c64b9a25e8a9fd4a8b69111e6d63751f5a33239ea6ae096fbc475f,0
213,11705,210161,3,32,8de39cf58197e2ce847cc1490c4381a7691790f071c0d8919b570d21f7ff6ec0,0
214,4779,188554,1,49,9d863d79a70864e26876b1f9f7222904dc49668d7deefe2421a6efb8c06676cb,0
215,9580,203549,1,39,6443a3f3aab1519d071da7d906d7bbdbf696eca3521b3da37650896c5448e4af,0
216,964,176705,1,42,f40f45d628f995ee8d0fa47e1d370b69caea573821868a17292501770ad1030a,0
217,3170,183594,1,48,95ea68b339e7fe80b7d4aaf99feccbe8153bf4aba0074f0ebd362b8717f8c776,0
218,9036,201833,1,43,b1189a21b49d6657f94e44a4b263d644fbc751166f90709f54ce24bc2252f2eb,0
219,20,173745,7,19,9b5929e1094880903292a8e6f8bbf661c0aa88227a1006705d8c177c2fa12092,0
220,9351,202830,1,31,210de36b1703b6e9be098ccc3c43aee3e893eca23a5a46712aaa574563e8b6ca,0
221,6106,192704,1,48,eb7cd44d45a426df835dfa9cbb1ce34939df6ef2e757c767324a6a8cf88e4d14,0
222,11012,208022,1,32,ceba7977f7b42c4ae33bbebc77687312b27f5d618dad912f467639eaae79e5be,0
223,6641,194353,1,97,3ba2e3523e0bb7a15962453de6aaf099ba4126867f8e8a25085f833f3cf8b7b6,0
224,10197,205459,1,47,ba748a88db5e1953fa9539daa28baa8b027b616eff0fa08a432b550e7646483e,0
225,11846,210584,3,18,5e6fc31486598c34c034754018ecb80645c870d708f4eed7f9f1269af7532309,0
226,2946,182897,1,37,c25b239c16067dae61af6c2f3bc1e57fca30828527c6dbeaf4b6f106b56fd601,0
227,3971,186056,1,38,30d90294cce8a76eb4e0ec263a7739d6680e0401b5b258d8d88a706015fea2fe,0
228,6911,195226,1,36,cbb7dd546936910996466801665ea0557e890257f2f4e5740783515f19c1b471,0
229,4893,188947,1,25,ff3d4317c48d963994738da7f24922dbcea0e620ec12f0ad51bf01fa615e1a1c,0
230,961,176696,2,29,cd07d9348878328a6126df2645de0c3f7f389007263d10b7978dd7f3f6ba6204,0
231,1004,176825,3,34,ee8b4c96ecb1c43a2247f9d86bc04f17baaed293f08334dbecc8765690f33435,0
232,7326,196515,1,51,3fcd6127b2d429893b507616d227f3042f6c26a345528dbda3849f27df4bde24,0
233,932,176608,2,39,252b3581a404a6b1f23b2036cc19b00f0e043176281d61fad21d75e727211ffe,0
234,797,176188,3,33,ad35129a9b1a231a2a5dca727f48c965f896b97be2c9d2eb8a6f2df6053d6d34,0
235,11564,209712,1,56,1dfc0b468782c4e6466aeb6d7a1c5b123f3897cca8c55dc745756ee8402abafc,0
236,12295,211946,1,35,4dd85defe8c2df4ab7b5b85066b83c9e8eae0900565bec17c0c7b1b5609b0262,0
237,13037,214226,1,40,4f70d4cd86122487bc3bb1cda18d097ade7c962a0fd1ce48b371615aa96bdbf0,0
238,3018,183118,1,30,d52752648a58eecc0c08708729cab19ea23fdb068da55a55499f947b170c4d10,0
239,926,176590,1,44,e99f42115a0ae0d83c0c3caf13522fbf06819668d556451662570204dad6f59d,0
240,12436,212383,1,28,99f1fdcef6db0b85e6d1c6fecd2e7345fc7440a167f298576bb7f4ea698bf52a,0
241,1395,178080,9,20,98dfda5dfeb4c5dac9620ae901decebcbe88c3f23b6345177bb93e4d1a660984,0
242,3852,185692,1,32,08ad1d4d9571cd0a265bb1a8a66e4381c661766d85658c123759729b5d70e294,0
243,1150,177299,1,50,51703b71bafb0a931b7b010dc15fd54d9a9d805b85bf5996329ad96cdb36da5c,0
244,1134,177251,1,30,ad8ea3b7a6f40c7f78c8a32adb16bc4e5d1f19e29659a1d427563256e134643d,0
245,5366,190423,1,66,8c4cfae5dfd5a581b50eee3176f48afba5986f421be866f5252dc5861ae754a8,0
246,9663,203808,1,35,be23d53d775692c0acd287a3cc3eb6a15c66b5b6ee34f002bc6ec8d88110a221,0
247,2222,180685,1,47,054297ab820e84f2099b2391d69df25d10f8b38e3bce434b5a85ab79027f77c8,0
248,5624,191205,1,69,527863696ad4a35f8a7051222ea757f46f19f8f5434e4915db1577a206d62dc9,0
249,604,175588,58,10,819ed94a3df657f7a8d2bf51e968ff9c7ea04120b2e1fb289090f611254693bc,0
250,1449,178242,1,31,75d356979c32a8e08c86ea1a69f564e59552c2a50c82fc48f68bff6be37bc260,0
251,10106,205167,1,53,6e803b788287c91c96c7176660cce1df16dcbcea13b1d39e86333f6af857aed7,0
252,12826,213575,1,29,be75bd05dbbf9c4cf86c9cc81a6988735ec8e79ace2066bd793d7bc840b2b2ce,0
253,7403,196768,1,84,fa93a58d94d13d5428c1566fb908ac7f9399633fe83e3599643e3fd876d5a7bc,0
254,6026,192464,1,55,956fed000d2682e8d0742fed853f659460ebaed791596e715e85a1f7dcf64e4c,0
255,4517,187738,1,50,d57ad4046546152a0b455b6bfc9011c2dfae0ac964df50608ad66105d8467888,0
256,7335,196542,1,73,0bb56c8a6dbb67673146ee4804616a39e983e378f1921c3ff1a34c024462f69a,0
257,5462,190719,1,86,8000a0a28f9835377eac23f471a2df80bbb71c0b3c1b866b7c07708c4cec14cb,0
258,6111,192719,1,41,9275b81a9926865ea8852ca8009c44c9a1b0de9b61645d741810c5d70e334c51,0
259,9487,203254,1,44,dc11e773db483371a914ac4f62cf14901200b7a680310e27ca7ac1dde42c5280,0
260,2472,181444,3,27,17208d3b2a46b1575db78b8378f77a1853efa6efd75dfd553b9e4a0507a2842c,0
261,6977,195437,3,33,dae9626d88171b3ec8a13ff5a0a7b82289b7359affa84bc93b5cdfd09093a9a5,0
262,11057,208157,1,36,a680ae0a618667e3cb7e1f532e25dd4db86fa048bde537d83bad5ff28b4eb5e4,0
263,7399,196756,1,37,c980c1284abcf71a655e06ed2f815d8b176ce5a82ef1e4a6bd838d0c80a071d2,0
264,1230,177555,1,47,bfa831b3b676ea53c4fc7ec8c454b9e0c4ea83ad3ee3cb2b8d729ebcf3d38d1f,0
265,124,174069,1,60,2bf885d72625450d83a7ed63b241d41fc9ff278e0303c09c8c4e71ae579926d1,0
266,11085,208241,1,43,6e2009f26195b87fca503cf89e7823f6e295a94f284b37de8245fc20ad6ee3b2,0
267,1823,179429,2,24,15f8c384d996ce69ba2e410e96c600f6f99eda74d6ed8eec61e87b66e847e0e7,0
268,1242,177591,2,26,31a98ad097df6aeb648819dd524e4fb3c17f2ef44c8b0a307f92418fff7235d2,0
269,4766,188515,2,39,341b3eab04f51e4bcbe78d21ad277394986fb61260322be6311867b361e45a6e,0
270,12391,212247,1,86,5c465164ba198212888973837e8b5e28d9611c331461a5eee0b6c21b1e595d9c,0
271,2499,181532,1,38,9e14d3278e33fe60b692440268d9ce816e1db3d5facd4b22d8197bbf8316abf1,0
272,8250,199360,1,38,cabc59515186c977e9eb8ba4006d09ec381fa4ffff83935c77594612d99b2548,0
273,1157,177320,2,26,7427e6e84128b0cb6566ff1aedea0b4dddaaaeb575f61b696e5c971fa2fcafc1,0
274,5570,191043,1,51,6264d9804304735ad8445538bddbe4a88367914c550e71cae26a6136613c795f,0
275,8801,201093,1,45,cf6fddf99086a221faa8fc23743deb5522dc1b67e56d4e3410f74788c66a22b7,0
276,6637,194341,1,41,99c1233c79997cfd45ab18f8fe7cfa06f62a12906ce9d2624dd64e63ac1e9d7c,0
277,3026,183142,1,57,3dc0e1e40e2e19b220255ce3df1290b88df7a1f41afa8ae40d79a0e3bdffbde0,0
278,10510,206444,1,40,fe48fd9fb2a1be9f76946d2a056a4cf06cd6610254ab8b909e31d061a310ad9d,0
279,7044,195642,1,37,7bb6a70bba209324cf98d8de0b6e856c72bc18e378c69755d220194635e56597,0
280,12975,214040,1,34,8b7bfaf9bd12e1a83363a39e4e58ad0762daf63a15edfa05db1f68472c286a04,0
281,97,173988,4,21,c5725fa07a890ef53ed71789af3df3020442833b3ac0b3bb75e17ada26939d52,0
282,6965,195401,1,25,eab4fb9f60436257d5b7dd3016ba797683ef12afa3fa230c1873d38d006c055c,0
283,1893,179652,1,56,844c7fd4fbf95bb555834452eeebbd77e3b5839e75bc8e372ec40741e820f23d,0
284,2532,181631,1,34,8427dce1660cb5c060b3a9a5c165071b36442471dd67bd8d4479ea353bfe92e4,0
285,2131,180403,2,26,81333c94e3c5021fc540018870069db72a5c3c1189a9e8d18fa0c1a549afd921,0
286,1962,179859,3,24,c3c79d47216a3282837527be4dafadc862add2e6194af563b2459ec89efab76f,0
287,6295,193288,1,31,700c2faa8398a050a31d139649dda1ed8886c0c483c7535e097d07283e34caa3,0
288,6560,194103,1,68,d96ea72f20312c57c790394952614f68033a5de821e4ac337e3910a7d17f8468,0
289,4721,188380,1,87,1144c3dbff1dfb9bf49a1234b47f59ef6efa4f99303280e5d4bd24b5f6e5b30e,0
290,8062,198789,1,26,2c3826f711f04faff6d40b7406836d3e3b1ee4eea8a9bf370af6a9d4cae7c546,0
291,4466,187574,1,30,2a87e200c1d83bdfa10d898df7b8229646e9310c453530ff09994d8a82c02fbe,0
292,6086,192644,1,34,885bf50817d77ea02e8d6927fec8661522ff88910c8de2cdc33a14d1a2c7a799,0
293,12380,212214,1,26,b83b7a8327243eb47d8d928e7b067ab4fffd098772c39064651b26bdb98bfabb,0
294,5753,191611,1,45,c78efbb433a3e41fdac1d2550fb19706603e2c2d53f37d7aa727c3641b4569c5,0
295,826,176275,1,71,2956c8ec26d5785bce6436cb6b28fcbfa4fab36bb5ec1df7306aee6857113721,0
296,1663,178927,1,72,c286ba09c79239d22a9023d411332c5a3aa64519894edc0454baab6b17f1fb26,0
297,6452,193762,1,74,ebb005899d1fd5b96ae8f7314fffa59c9036bf89c746f35f4f21df3b7e56a405,0
298,688,175840,2,26,e74ba55ac035f5a8802fcb2449112d325047a64efff846d9a825e6e36d670d3d,0
299,37,173796,12,20,821a76c2e64ac4bdcaf5afd8a857a6a8eae14e4d6275a9ab25048a61cf95cb6b,0
300,7846,198125,1,38,d08be40fcdde30b2b65fdddf3ad18d1c766fe21d62131e198242aa3f8e9b3eb8,0
301,2469,181435,1,34,edf7f0419137c4055b2496979dfcfc0560ef2b04058c30ea62cf1dab1445ce15,0
302,6050,192536,1,27,0e6ed1f75b97bad836b8c6f829a2aabba86838531cd2082963f0b545a5481016,0
303,10585,206669,1,26,bce8e87a54b1d9f94ae061f31833eecc8b503fe3bf33bb8f837d7f4efd940159,0
304,10299,205791,1,32,8b3043ed89bd929421845f1e81a16db6ad533dc6e45bd00b7b4a6ac9cb24bc71,0
305,130,174087,2,26,2028a081545f322f070aa01f3df8685c96d8f9268360c56b2506ae00030c314e,0
306,1277,177702,1,26,8926a8f7dd5d9a04054762e7b2df2560e98526a1913aeec655bf47664c83667d,0
307,2832,182548,1,56,bedfbfbc3ca684d4b231ef7abbcace05add3235d49766bbe9b1a9644e80784b7,0
308,542,175386,2,31,001cbb7a00e516b00c68fcc9e8e66080f0fe50115c724ba9eb21d06006cf5590,0
309,8790,201060,1,29,ddad16a6f3ec8095a814365f5f27b7549fbc12f2cf3b269534657645090ace4e,0
310,2816,182500,1,26,7a5d951b9df3d451614f3ad9cf27b83d778a32c77097f5c57a9e10d86e3cec6b,0
311,10358,205978,1,30,5a2cc6b7dbaa5551e41f7fe2989498edc7fdda18032b6d2ef883cb6ad53f730c,0
312,2395,181208,1,43,2b8c4cec00623586131d1b4ea3429ad553f911323ec60c06f6ad275acbd012ea,0
313,642,175702,7,36,01b2ec18762cba60738f7551fd8f9c0b1d191594c79f7c209efbba27ac2b5135,0
314,7182,196081,1,35,10c42640ba35d47e772f8cb1f7ef3ebd3faf171f880141cbf43ccf5dc9fe0ee3,0
315,8673,200698,1,37,05f0d9830d4638ccd2c5d3be3b636b5409271a233e7b62ceae6a3d4585011967,0
316,605,175591,1,34,f4b92f481739af220893c6682680b04d0b34e9ec82e7c1c35c034ba6a393f9e5,0
317,8478,200082,1,116,1da61ba98a9c9aaaa74438088a415776c87451aece82322e2ad3c7eb2d9324a0,0
318,4711,188350,1,42,91211964833c1540cb42243637d7b91b08bbd428a6ce96c421c080e4107d62bb,0
319,5714,191485,1,24,56387ca0c9132ce641a193b43f0d3db2bf2156479f7c413bd690ba86ffe77d1c,0
320,1877,179591,1,92,da43f224d5f8272ecf9f1e7b82ed9b02fb56c86199be90da76321e9a5d8a76ab,0
321,8363,199717,1,28,2b139708e8e51e1c9657170a0d0c013938428fc66436c0b03dc683c1c0e664ef,0
322,2940,182879,1,28,44a6165cc62569a2e71340da2cbe037cfb87b6b4620c7666095b10ec139946de,0
323,5415,190570,2,42,1155cd4ec22db447596fb786323059da4c7c5a6dac0c1b4ef03cd82b5130bd83,0
324,3130,183474,1,31,cfcdf808effe3a5ab57b7746ff319730af8d87f18766fab344b1e86b73e83aed,0
325,3626,184985,1,55,aae0c7458fbaf2ba8b22b34c692839f499b1b40070cfd377525f24bf816415d6,0
326,9907,204562,1,43,aa265034f77dd437363385af84957d97ada57722347bcb88f6ad658e64d72f39,0
327,369,174845,1,48,6ef0a57d8b069bab3bd1ab843c8b1889fd9c510618bbb0a60038ab9f78738afb,0
328,3679,185162,1,43,badf4f92d3e4e1acee903257f25e2f75a394ed5394d74c8a19ba19f58a34c9ec,0
329,7799,197984,2,36,8147900ee19d3f623b334f883e39a01868846c5a8256ca40074a6f493332d399,0
330,9885,204496,1,70,30b6dc04f9eb5507e9d727ced94266f8df8932fcdcae1ac81a394a6a8dde87f1,0
331,5679,191380,1,34,19f2df9081d78e8cb7ef679f419de306c24238893c4294950f7ebeaefe9cbece,0
332,3051,183217,1,28,03f55e14181f9d7506faff4ac24c6434944f97e7a2f48185d300006e1d3ff1ca,0
333,1983,179935,2,28,91353d10d4581e28d2a5df3aab38af4ad7b0c42fef6c70b0c8d9a64b882ba74d,0
334,9108,202068,1,51,a51e488660393af80e3934e3c6f66b7c49a06ad2b4ca24e88bbcf5e239c923b6,0
335,590,175546,1,28,313c9817dce7ffed63603015839c486322a8dfe8b4e11a6707c74b1ded3c52a9,0
336,11421,209251,1,35,23a9b155cf9311ba10d54e236488bda6825848951d5958d54c407b846c3585a8,0
337,5030,189358,1,23,c0a0a93fd47a24424d87e59c35702767a1532da3bba77f5988be3a55b1899a1d,0
338,4357,187247,1,42,01efff2146d8ed08563f9839d72b7a61a5671f2adea19aee71b69e24b49298c7,0
339,11144,208418,1,31,e0cc2d80bb6eafdb0567fcaa1e1a9be6cc85b54a8ba8ad76111e34c14aa33f95,0
340,8261,199393,1,34,790ed024a8fca1559cc52313b0b536f84f652772cf7f66b88ef0031f5fb9add8,0
341,7099,195824,1,29,4fa0855c7821d2851474c78e5d93727788e5fb6b7c8984e90961f304deccd8aa,0
342,5162,189766,1,48,d0eb8e375e1281c73f5769a4bb4eebfa75c873cef80b2b3aed701cd0e46f76ed,0
343,5041,189391,1,99,b8a0723dbe48b0e19625cad706899f898ef4ea2c828efe19610dc5f418891ca5,0
344,341,174761,1,40,bebcb89a5079e6ffbbdfe09ee2bd1c06dde3a657bb716d9cd0d6c7bf808d10f9,0
345,4049,186310,1,56,c8510452015cedb053e740498ef125d767dd8d385e3cdde911888330cbe5597f,0
346,9537,203404,1,39,bb54bdc45b3c1f911aae9c7b1533ce2ed2c1f29860b69cf4f7fe235e4c89c32a,0
347,7671,197584,1,49,79eb689ef473c9ffa23c128dfed3f1fd752144ab7209c4510536adbb301f15a3,0
348,6490,193876,1,32,6d8cefeca9461b5a1ffae01a21f1dffeeb8ec21279602330e12670066fbe8580,0
349,1165,177344,3,11,07898b9d6bca96e40474108c44623e4b02cf554e1b2661b83c21ed24be1a9a55,0
350,6506,193924,1,54,ed597f13d02ea50f5953a84da908d32172fc492f3daae399b4fda954c7947766,0
351,8290,199480,2,29,a01dafe8cc8e3c387086f26a9c831473844840e87f2c141f5a3283e0a4631424,0
352,12485,212530,1,32,83867b08b7d3ccd5639b9c1e1c1ce609c0d3e7a7dfe2d49a8ffaa8874adb2ba0,0
353,9555,203474,1,43,59b58653c5b18b8823023ec9b9c1330656dc572a443813b41da3e0b3fa249055,0
354,7763,197876,1,43,9827ca49d8d6cbe5caa35f19014c65e9803e63c300ed1c448c8afc1b24ea6c4e,0
355,402,174944,1,88,ff0c7bceb457d1e0914a300fd4f4cfa471f80c202723bef6d6d0bae16ca59159,0
356,2127,180391,1,43,12ec3289e7efeace2ca50de042876448c73701e645253679bcf4b4873fa0531d,0
357,6035,192491,1,47,b41ff7f41b7cd506f59726990a18c2e8cd510962fa1eb91a5f9e635f5e7d275c,0
358,3660,185105,3,22,0ddbdd6aa48ba1ae5e6afa53bd00640f3fa3c6144d936aee273c94b31955762b,0
359,6108,192710,1,50,e1a634f88e6c2bc3f3b87bf126e4be99fd2e0b6b9d5906f28261323511af0f37,0
360,583,175525,2,28,86027e45dab15bd8913ca9d0f35cb8543f417766632772f04743120634339391,0
361,1992,179962,1,33,1d51cc4c5260f1998d5de5177683df1675550fd1f259d7fd1ac1224a70f403af,0
362,10448,206258,1,31,b43f10d6433561dba370321cb411d9cef95943da360161ff5a6488f256f54f9c,0
363,8151,199056,1,47,348644fdb5f6eed043a5ab5308bf68b53e95f914394691529e19a7396eb1a100,0
364,10475,206339,1,28,b7af271a9c65557796903397844b09811b13f2a300515834d70fec8376fd5962,0
365,12538,212689,1,38,c7c24f3ba34d30ecae21cb1fb0cb9c3a091dd63dd1fa8ffc5ecfd6c9e0ffd0ec,0
366,2138,180424,1,44,696cf9c2e18f3e960f5e2b8614fb33532b1598922120616c78655da78e82edb9,0
367,9187,202310,1,28,543a70b67b27b1d67ee1bef9dc9c25038c346ebe75b1e962660263b2d99942c0,0
368,3975,186068,1,44,f23a5e69f9eee7e05288099554def6839c889f3710f9ff6b831d6716a9d523b6,0
369,5857,191938,1,48,5b1b9ef1bee05cb65518af81b8bec36697c6814e3d523037ba5b70f8bbfd183b,0
370,691,175859,1,30,f6d63d7683fe077ec965f2888ca07e7b110b4cf74c6630ba9dd3f2e54cdb1417,0
371,10473,206333,1,40,1fc5621674a196a0b92d2828351d50c4ff6c7aa013bbd38e18d8dac20ff2b76d,0
372,16,173733,1872,6,a586a3fdb31bb6e3df28835d62a89d9fa5cda73440cad33c73ebc1809dd3288d,0
373,12751,213342,1,36,c897e0855d8e9dee0290eb576a899e8cee4681932aee3bb5e831ef35e4c91df2,0
374,4258,186950,1,41,a31470c170d892f986ef5ec0c47925b1c77d5f2917a5df34752e69b8cec643ba,0
375,8658,200653,1,24,2f173f6b232b9dee6c084ad243b7e146737b700e22b7edefa2674419798bdded,0
376,10400,206108,1,49,74b4901ad332cfed782a8f332fdb33cd340f21b9c43c23db55bf1c1f5390beee,0
377,1180,177405,1,43,50b9075f76c9bfe144e5ff43ce9af4beb5b3207cb939ed83f1545e230cb013b9,0
378,7718,197725,1,118,42324eceea790c25e5ad38f90b8740ca672fb57b29fb6329572d2c5921370135,0
379,7329,196524,1,62,e5d6c08f31100620bb1abed55aca399dec17a961341f1a00917e198eb402b5c6,0
380,2323,180992,4,35,f704a7f45db05c3891b479cd0268560cac71d82f9618a40eeabd3c4e743d4847,0
381,6983,195455,3,18,0f575c89392ce1505d9f188035058fd5c96e14fa61fd2c958fcbe6eb836e6ac1,0
382,12409,212301,1,23,ff970d55c510fcb0a3328cc1d983d334aded8070ec7f3679239b4921ff57e228,0
383,7203,196144,1,26,7d366dedb152873501ecc62b75a6ae0d892ed6c279df74d85d5202985e8a3758,0
384,9791,204197,1,47,01e3607b6c69d05c4012d46fd50dfc6bf35a62c9916c64023aa451d829e30f52,0
385,7625,197446,1,34,8ad18b39e7abe7891ac3898e5062d56e679f31ed397f66d7ec0517a9cc06c5fd,0
386,9637,203720,1,62,3ca976cced06f959516a30e45a81fefba37eba421fc38dfbe7dff047b71aabdf,0
387,6888,195157,1,119,762257fdd18252dd0014169208b9da8647e36e434863c87cb69c84a93f8196c7,0
388,2384,181175,1,37,650617287cac7e91bf18edf2cb02b252e64b8a61ad337646680632f4d3a4e57b,0
389,4011,186196,1,60,af3a08fbc1c6e1cab92e4c50de8d1c4ca2169750df60038d4762b4bb71d4103c,0
390,10131,205256,1,35,5dbc51c6384120210e47edc7580ad1a8f16ef8fb99b247211826079d75f0a3b8,0
391,9037,201836,1,56,31082288a59d54b6d774daef0b7cf6e0f092a61b72cd4651025221b62a0f2363,0
392,3548,184751,1,37,0be8c1ecfcdea1c3b9af6cd48f9e7afb9c3504b98782206aca6c84e9a4793482,0
393,6995,195491,1,39,355e38c86246cbf1fb2a98bd4d5acc365614926f1c01d11c7b33990ef716a08d,0
394,9725,203994,1,35,a0533a51224215729a63704d37670ee587b1b53711983b7749ec9fecda492616,0
395,4,173697,3429,3,f673180b6584aa8bde14a2d8fb4dcc754f14743b3c7095c7203d45d9fbed3b33,0
396,7078,195761,1,40,9ca90098c47dacf71b05f8713cbf1d4c0f7ab335c1be7cf05469fd9ba753232b,0
397,6684,194490,1,23,9a469b57d239f9cbeedc045601f83c0a07ec79c1b5ff8294532ac63c15afbde2,0
398,4713,188356,1,36,d07f217b3669f5ce107f80bce86d120d1a94a52639a62b684fc02f57d18abcb9,0
399,10360,205984,1,39,7a95ca957e13459ed5a0f10f67627c20e46c4ca3f6cb4ed62c8a0350b65f529f,0
400,7531,197162,1,70,f432640cdc9ec2cbd102a3fdeed5817494bd662db39e05cef86f778644fcf708,0
401,11269,208793,1,48,7630daca2ebedb4870deeab08d1649361f4bb8ae8e5d8a24af67934510bbacdc,0
402,10600,206718,1,58,7f52a0d6d231ec8fd6b56a142fd1b16813d311a5330decf77a29423cf1ea4b28,0
403,4775,188542,5,25,3cf1ff2a9e137faa95d60b087ae70d7aa9450c6cec92538aa4fa33c857da8f15,0
404,12530,212665,1,25,8bf922cd880ec39c0d258a240ea46ec338d103dcde654282db1c77157edea325,0
405,11493,209467,2,34,f65ccb1ba0400165280a2743c24ce8ff3b97f007b35c5032d93ae6ab3dd61dac,0
406,3409,184330,1,37,842b13bedea5b9a2c1a62a04e664010dd9faaeabcb8442b90314601a3633c77f,0
407,1500,178395,3,26,f3a1a2d7c01575e3bbec83d935da88465ff4a1a1b31a60d3c74542835753b483,0
408,6604,194242,1,45,3d3b35adc786a0fb6277cccaf1b20be33e5594b9996717d8e5ec7ad44f18df8e,0
409,12634,212977,1,29,88468fc8fd753aea7a1d89b0897c966e3083b30dc647a9c77db4bd65de6d50c3,0
410,7880,198232,1,163,33587056b5ceff264ee90484d7dc8258936fbe94476734a4c3d4cf0f5fe5fb21,0
411,1687,179017,9,15,dcab8187154352010c319de3447717274508e13b09b64644cce1fbfd88f5449c,0
412,5360,190405,2,26,f4c811bad3744e58244a861394a93202c7dc67c4bec489b29294ceb21112d531,0
413,7244,196267,1,58,0e20399209fa330ee91c7cbd6f17ee379e3fb0b484ae6ca698da451fac61fa64,0
414,4340,187196,1,28,ab9b5d7ba0d829d4a5462816c1b1bddb3407a7429298141916a720b7e8649706,0
415,2800,182452,1,36,0f4caa21187dd86960daadea1ceaaf77087f4c690cbeb3b675eca3259309a7c2,0
416,359,174815,1,53,82c743dad6c55a6a8f9e1ee645d233e791c0c83b7c37c99233523cbd46395fb2,0
417,743,176015,2,20,cf2167b0ca0e86d573c512b3caffb711ea815e8f673392f9f832a0900080afc9,0
418,11535,209625,1,46,9768473f157183939093059ece8bbc719ac46ebcb196452449b9271a312eafe6,0
419,1232,177561,1,37,cd5d6f8b50363287ce93074a90d6945605157ecabf16622c21efbbf8013e54dc,0
420,11015,208031,1,35,f6cc9a3634eba0a17ff5d91b33dfeeaa6347936523e358693fa6b17baedec0b2,0
421,9975,204766,1,41,3d8d7bd9c6b87367f0be287fb7222b1d77e39e7615bfde0b72e6345356031d3a,0
422,4138,186577,1,49,b5db043c4049d431a643bfa654d412a89588fcf36bf6ae77e285575482b01010,0
423,9146,202182,1,124,afc1b40c7b4adf9bc0986d9581e5cd72c61c00e2bd07ec529e2e3db63ebc3b32,0
424,12028,211134,1,46,1bcae7496aebe076bb66697f465574310fb35dd5246adbd02b08712844099adf,0
425,9553,203468,1,30,f0ef1b1b73f7d445e1ba4855da5cb4db1a308a009fd2f56c60118561583df16d,0
426,5553,190992,1,31,33d1514c6b820901b9ace34c44967efdb7a7be896ff96dbfd1ec6259caf3f595,0
427,2801,182455,1,30,d22bef215d7400673a57b6ae31f1ffed40458f84f2dc9d3281491db0943b0192,0
428,62,173871,3,36,e03ebcfbd67aa28374cf6e50fed4e2ba4f52ef2b45b5d98979bc2ad5cf924e1b,0
429,1956,179841,2,22,c051c8f0cd6ec26d197c93c17bc1390695ae6594633f4891b325788c9ab70ba7,0
430,10240,205604,1,49,e5aab10905583be5ac0f0682d826a06e88cfd83763c1423fe5be9baa0281b56c,0
431,4919,189025,1,58,887588baca0925d5635340db189e981621da00ac80b15505c0a0da041c4e0116,0
432,3581,184850,2,31,9e47fa583b6719c558e15a9a066a8a9e6a96b17db8d333f14b8148219c26e73d,0
433,12704,213201,1,26,f9e9fc0a00174b342dc4428a2eb15767e302148cb59952512f47ee7dc76ddacf,0
434,11258,208760,1,60,4401c93cd7112ed4ada033ed92436167a178d0b352f5ddc3d162d01561f0f5c1,0
435,802,176203,1,31,714caca86091618d52e05cdb6775b1a1b43785a33fc3e9ae330ff0ddde4ce513,0
436,5708,191467,1,50,b2e2d8d2ac2129b4a61cd681d083bfd998e88a1e745767c5aab2ee84b4edaeb3,0
437,2248,180763,4,13,874fcc2880f8374666e0395613bdaaee384c37d4e50f4bb1394d7d2e93a0f8b2,0
438,11039,208103,1,55,de8c120837c8aac013560cb1bf9ce8779dfc53d8b047d74599cf8dc1055f0fbd,0
439,2511,181568,1,40,778c1459d03ebc48fdc398e1ef0fcadc06893a9119d30da52c9694805bedc720,0
440,11261,208769,2,14,09fe14c442dade5f7174e6f5eafc51d312c5330f0709d0b58c3bef697bb5fdae,0
441,13041,214238,1,30,dd91ed15ddcb614818b0e4f8d4d43fbbbde3053d6ae11d5f03968c8c1c7aec5c,0
442,7434,196861,1,35,2a30f25937cd345285ad47417ab64cdd3152282384c34b3ef234ba8a950cc600,0
443,10606,206736,1,31,518b5e9099b02bdd60f0dddd9dc3f9800fb5c911794bdd847d8658319276bf54,0
444,12361,212157,1,54,c54483d7b238b465a4c6b44f2787630d6656a269cf58013b33e60cee1fd4d278,0
445,10286,205742,1,111,e657526537c7a87eb129b21cf6bcc6e0a6fdbc6d084a5465ef6888e9f0346516,0
446,10697,207026,1,46,95939a9938f7126f701d54b39425430c386ae55ef87df7fd3459e7d338d4ba45,0
447,3050,183214,5,22,b56c5d43e306a0b572acba6d2893aeab5ec6eaeee4c37e603961b9689cee3e10,0
448,11525,209595,1,33,c51583134f7a99e6138c7b84a884d97d4f7dfdab33fcd05aaade78c911a473a3,0
449,10828,207449,1,47,3febf300c80938c0e51b95fcc230d2fa907d85aa1c502a46c37f836dde2202a4,0
450,5988,192343,1,19,50dcd61d0362dc2e5454b0cb5c036f99a1b4f29525b06e43d72eb9f5e3814ec6,0
451,5649,191290,1,131,5a253454765bd69600bc0c3674da70072163a7b79561c99e2da3c0a40a82fb28,0
452,6467,193807,1,43,72b2e001b4edf12814ec9ba7611be66737b87910ded208863f45aa350a82344a,0
453,12777,213420,1,33,62d205ea57b39665fd20fd2a2ffd0d2091d05dcd2e2607dc2e0a46ca356c6d4f,0
454,11784,210398,2,23,f894a76d5ac07011787a49362a77088e1e6818acde05e7a1cc3fe8dab57ebc3f,0
455,5468,190737,1,39,61bfc7254699e534b23fc0e7d25821c8df84d8448381c93ac71dc076efb7b5c0,0
456,6356,193473,1,36,822ce281eb07fe51257f75fa280ea8fbaa79f98323dcfd48b2ec157c19f28075,0
457,10548,206558,1,48,0b2180f502fb37c52283d34e43e8226ab49a13d6f71e6965e08ca7c30c792108,0
458,1320,177836,1,46,ff1383f505c701f4261a101634a80c74abe468599657bc2de8b5515fad6a47aa,0
459,6657,194409,1,56,f095a359be36b6b462073af222a82e4fa5fa24f1c0b7506d02d3a1ff35e6a339,0
460,5346,190363,1,28,153c6473a7724d6792dd65551584bccb73ccfd63ada5d6ef960c130ca889abe4,0
461,6273,193222,2,26,edd1c3eb9135a7d18b75b8fc6b6722e7be8edf41ef344bd2ec3099a6cc3d6382,0
462,7896,198280,1,31,100ab349e7d2dcf1e1a6b7ec830a6627234228554a10cd828413da0dfe16891a,0
463,7481,197002,1,50,f49f70253d461a1fab6f027d95729a3ceb6ec5b5325a549cc898cecfef947eda,0
464,1413,178134,1,48,5aba03e02cb8cad8f709cbf7eee9b237c3d044639db7b01342c6991081b9f0d8,0
465,2860,182632,1,40,6bd81d5e9edb072a9f0a92ec53f491290b9b74507282e43d1aaed3be447167da,0
466,5265,190096,1,39,f25a29f5325570d1c801ca93bcb245b94ee08aa5d20025302078524a8f7b71f2,0
467,9115,202089,1,42,7fad339d262af2c50eed1c3466a11969d04a665e7657f5ce7bb26976e7e65ebc,0
468,2899,182756,3,23,7b583de343a646a2cb22838d157df1bcb4c3533de39f0b1c882bd2880c0a5d75,0
469,4783,188566,1,66,f4b4b774698f2cc5e9f500b6d3f233339c6a02aff6ba9ad7f9708bee3c435003,0
470,1051,176984,1,38,b155da095ca5c272746f4f71fe44901207db004684bca844948cb124786934d5,0
471,9989,204808,1,22,5b5341d54d3e396c229cab32440280c45d39f63ef2e20b3d0d37774f826c85d7,0
472,9771,204137,1,32,455ee550f2673c80df18e1a4c3b83c9b0898bc007284819213bffbe57586a0f1,0
473,7746,197825,1,50,bb3f0a362736e195ebd930c1505db31a3d95f6a53f87f014e72d164b270c31b5,0
474,11291,208859,1,33,38f32b5b2bc8a9028ae7a837c5e9b772bf7f515f5a2b5d57e0f80eacd883f219,0
475,10009,204868,1,17,40560e1d8ea54d177a0eae60df1feb4e2be582f591cdcc262b3d612c779c7f20,0
476,1018,176885,3,22,7d79f959259d420bfa120925b4ae8845a378cead73400b7c101c9c725b9e6d78,0
477,4600,187999,1,46,aac8e40c7bf12c05d3f24eaa7ce0384508c0a0fc01fd81cf9f60b1ffbd1b3745,0
478,10121,205226,1,44,1addd495f637e7d16699723793129bc768b96a669204e6bf09f2c124f0c09d58,0
479,9321,202740,1,99,ffdcaf77bd5bf35322e0fff1bec25b34f30ead35ac5f4d90a91be38dcc468495,0
480,279,174547,1,50,c69fd0a5756ca2de8940837bbe4ce82d5a6a8835f60686fc9dda0a346f0e2ecf,0
481,9052,201900,1,45,da43817d6a59e02c09fda86d37b48462b682f5ee1ef9a51ea8494b4affc1e529,0
482,11571,209733,1,50,ba59298aef4d773113f0e61219cb8dfc8f57da293f9f74ecd4dd636e204607e9,0
483,76,173913,2,28,16de71127894c1097603696e91d5d492ea82c5688a264e735f01243e0a3b7815,0
484,8305,199543,1,41,790093286c1fc2344a14dfe9a0be9dedd8825125574f6dab268ba010bb73e4a3,0
485,6951,195359,1,34,74e2063db512aab2a1a6286911251512361f7441955b7c021fd356f62d5c13d2,0
486,9340,202797,1,53,5f8d540fa709990a05e3b088db2a37a8ef9e56edce0b37e2cc9c178e62d3d450,0
487,10098,205143,1,76,133eefc91f5531f7283ef9b3c218a316ebfb9edd9a3222588a96b4bc34d78afe,0
488,4959,189145,1,22,8bb9b313231e26c255a05e8a9beda7b89630628521d383d96fa938baea1a7119,0
489,11885,210701,1,28,f3632aa7238b32acce0d7b6c393f9e426f14adbcd36d9deb6810c5b1360aa99b,0
490,4931,189061,3,29,0b6aeb1d9324c94ec8a0ce6dbcb11cb495c41d4c14432bccd5a4287160934cf6,0
491,6314,193345,1,35,cde7ea85a5d4833b9287391017fc9fd12bd772d739f83a6bd41ad9bbb075ac32,0
492,10465,206309,1,47,1ad6966b79605ec46701fc65a6a561382fb76fc2c9dcca0074d77cd57c608800,0
493,423,175015,1,52,2861026ae33b0331a5e48efdd4822445bed6a16f99b36adbbc1bd83e9fa58c18,0
494,9303,202686,1,26,e95d9823f403c773a71f9bd4fdfc94edd5eaa1a694addb28a3faaace3d914735,0
495,7905,198307,1,60,824be4f2fb88b1cc94e2dee9c65234a4cf0c3cf6b9b0b5c1a3fb36e989aeb0d1,0
496,9673,203838,1,50,c2beb8b1a279468907a7cda1be55a6fa6de36499589830582b721533c72ac2dd,0
497,11335,208991,1,18,7dc0767184dd940bf9fbe52dbbc8a654a725b77e48fa86108a03df5b12ba59e5,0
498,2396,181211,1,36,eda6a519bd50b6d58636d9297657bfbf66b67203050373cf0324ecb53b83bdeb,0
499,395,174923,1,39,ab8a4389abca01f63e629af4c2a6491396a993584e897f5cc01693ff67990575,0
500,9452,203149,1,30,d4720b61e08eabd6ecafc98c031290f064dbdff8004c34509c03c1f537f47204,0
501,397,174929,1,24,c52f4b9b6b601251e18bfdb4ef34d57ae0629877520555cccca8c48bc9f2d84a,0
502,1487,178356,1,81,f570e8347f2f0f408f1ee1d2623bcbf09d9d269d6d0a748a83d0e57939e661a3,0
503,10314,205846,1,61,e2796ff4f8567febd8fbf24cba3503479c35cda3f1a8f2520ff3e63877068671,0
504,2552,181691,1,53,b0a7279cb41c5e32a3ed38a46dde207755b6e2fa13c7b097d7a7d285ff6ebc84,0
505,11182,208532,1,44,e7e038d4a0bb98a49b2e3e5fde76b2e0a27538b90f8b5f81a63e2b1cbe089c11,0
506,3734,185327,1,38,1e92c1061839c13693a5fe0c05125b72ed9233fab7244fc7bf828b2cbf5885de,0
507,6008,192410,1,35,3334a55d29c1095d0079fb782cb305d1a706b1975a6f119c1387b2a2911a8ef9,0
508,7642,197497,1,53,2fcbd67a8895414209d95692c1531ce434f402e9158d314f33396823990dbacc,0
509,4741,188440,1,14,f5b2a8fd5ab339be92d01314fb1ae82505a5f5cf8bd3860cdaebc8b658c81d99,0
510,10989,207939,1,33,dfa7c4b2c5a1009f0f5a8f8786cdc25aec2fe7270b7569c93af4453f739967cc,0
511,7632,197467,1,47,c46108bd296a1768babb31cf2695af5f94b9c3b25f2c36207055b74cbe422886,0
512,7934,198394,1,31,9b36b364318c0a667bd064257cf166827cc5d96c4f5dcf74ffa1ab7cd85fa19a,0
513,6485,193861,1,35,71aea0e69b22cffae4d7ff8f213d65ea1a406d0f688929bf02c1e50b901c1840,0
514,10162,205349,1,44,05926e574debf4ffd938526b1dddf5abc90345e1dc31477db65911fc34426788,0
515,5790,191722,1,51,d3d8406a6d2b1f2ee65e197c0f30dc0d78c728267e2ecd2020d266671056e092,0
516,1445,178230,1,38,0732176da4628e3172f90fad76efa022c8360c630470ec6c4bfe196b51a4feb9,0
517,11411,209221,1,27,94f59d1815fd251017e1fcae2c3c26accfa48cd3c9054debc032d5a8d7042ea3,0
518,276,174538,1,32,dc42ad330ae60e80cdb9d7f74ec75dc951ee71b05df647189abd8ac3a74971af,0
519,843,176326,1,60,ccacabe635ec101a5c3c804f0619117a9799b48691f0f92e1b4f5450a2384fbc,0
520,8263,199399,1,41,fb6e4d5868306dc12cdb5e0f7a26e13db792b51314fd2ce92afcc14b6d1831e6,0
521,5073,189490,1,58,faed277a751edcc27b9bbb6eef42f78d5cc549c189a221882fe796802162eee5,0
522,1156,177317,1,28,87db86e977c12fb3c433dea96a14916f3c4329cc329afe004592476eebd02b1c,0
523,610,175606,1,30,44fb3268719e166491315e4eadc10a7d8981c1a654ccaa061fbb9c0ed340190a,0
524,465,175141,9,20,9140be0780932528b4607edd262e6fd4ac16d271a5fe3c557f5c233ac2e2f674,0
525,4347,187217,1,137,dbd08ce93f91a7611a9b88824cab5a3367582354cad74338303f8723e478711c,0
526,286,174577,1,74,72d103f985817e403d8969f06ae5d733dc78c433e26f65424176fb16286a0103,0
527,2890,182729,1,29,783b52ff160661a8d74639c86e738b0cb22bbfdd1c86b6a996a1157faf706761,0
528,5459,190710,1,45,da5fb87404cf86a10016806a12c54ca9ca0dd79b46780c619cb0f1cb5ce49266,0
529,2364,181115,1,37,5ef512cd905c8dcdab53d523590d1ce268358d5907ed957b5f0865a77c2250b0,0
530,11499,209502,1,74,16ad18f76f884fc8b7677305536f26724fe28376d53dac5a6c6b7093afbe8a7c,0
531,2113,180349,1,56,1b279e87d64f676dc44ed7cacabca783d16a7ebe8e588d9b3d7232318b327473,0
532,4897,188959,1,36,3f156ca01fda44a5b198a1a5a91c2c6c13cee7f22fd1853ceebdd227a322468d,0
533,5910,192097,1,34,bfcdcc80c176e2e2d47a04a2caca1f06e070df1be478c7cbfc9a3c8bcdb53156,0
534,8782,201036,1,32,dd60f3051553e9176d0bbffe45326c47482cbb8cafec8d19ef5d2f74308b6a80,0
535,3337,184114,1,39,9f0205f6224bdfe2ac6483f40cbec57813ac8a1b01658de053bedfca0b05a6ac,0
536,3149,183531,1,42,a68244cf51b940af1ffae2525cf90672b6513af3c1c02fb7310737311d0e4802,0
537,7268,196341,1,47,2d25c0fe1dad2f83b32e0e5bbeafbf5274a4e2da5194a4bdec85bd81ceb93dcd,0
538,380,174878,1,28,7b6becca658465f8a57084a9360ac5afd207c9c442e642e9b31e7c3d9806d518,0
539,7290,196407,1,49,13ff31e6815e6b8e1fa363d3dbb8c8c8e9c90ccd940c7de7a2c2e7e462bd348c,0
540,8945,201544,1,33,3ee8004894435a87648e5a60ef23b417acb9c36e31b61c2a0f2d29e4d0efa881,0
541,9501,203296,1,78,9a932eb0b34bd179355c39f211c9493053a107de4ed809241bbea06bff66a6bf,0
542,4306,187094,1,38,b5881e8405aefefbcb48eb9d15bf1556326edc5a1e3d24c330abab012071b536,0
543,1293,177755,2,23,8d2befd652f8efd8e7878e0df044f8f2ed82f43d53a09f7aadc28533bd2533b9,0
544,5535,190938,1,60,33553571a5b1ff434e963277928de1548f6ca6da03ebff4d10f1764259ca4287,0
545,1858,179534,1,52,ab1f88b38d096d8912fa6567fe2bf3476c51e957b9c84ceb3c189e731948b59b,0
546,7020,195566,1,62,69f0f5d55d91af4a8f00809ba7dad481c5104e7e5cbe54246e1661890eb8b5a4,0
547,632,175672,3,21,638c71d581e9678eda2abdde9f3bd5789ba1be30e9cb3107dd9cf5fb6640c572,0
548,8192,199186,1,35,b2096bb190e1dc17e46210030bd4fdd24132da5b37679e9d31e20ee9acde5279,0
549,13083,214364,1,29,53f5f84ae77706cd682596786ff0d405d6c74d43a5e3c84cf41dc522ac39ad88,0
550,8829,201177,1,34,705d88c199f773ce444a43e4e9dac1ce163e19c6a80815963b2b5fbb45caf433,0
551,1158,177323,1,54,51b519f2c67e097e87c64a1ac41c4281ab769d5d4a6bc7a926dfed658b35d578,0
552,8013,198642,1,86,8ea48d87661b378355a0026720a2ba5a0a16ade9e6d19b5f8ee534a2a184c0e5,0
553,178,174231,7,18,8d8339b05befcd88f84d2fad379c8f45771e5169655b0a690f37be2d6ffeda01,0
554,11928,210830,1,54,49111dadbc80c17d8a8517f21f9a746facb0684665265814f27f1ecf5e3e585b,0
555,1933,179772,1,28,ab154c097342369d6a0de330f24871b1d4b8dfa1ed3951f4d76f4b3eb0bc4f92,0
556,10434,206216,1,23,a3999d0bfed470959ef41040974d6e31d43b462945295d78684065ac62d1c899,0
557,8610,200509,1,26,6c8ead7e8f9d62e9c617a42760b627f7cb089f15274482847286f88cf217fe72,0
558,11124,208358,1,60,ce4a0fc17e4fa3f0be0129f298dc89a52f052f409d0d93a84641c7cc514b803d,0
559,2906,182777,1,38,5cd78b97a94b3b34db0beefb739432e6856a1572c61b976e05d3e5001106d866,0
560,10460,206294,2,23,83c9d0987f9b656865e6535f3957132948f9eff73b2ccde5832b548de9d1cbdb,0
561,3586,184865,1,31,0710013b6163039a6521dd90c573ddb5f8bd2991008bb9a956ee9926aad697a0,0
562,12792,213465,1,28,ec39defb0351b84c18529c332f7b99fc9302c1d89a157f859a8278ad0ba1bf87,0
563,6237,193098,1,44,7f6f196a5d94006f51fa04d5a2efa6f662ef5d74d8224a55d8c42d6027696563,0
564,11753,210305,1,27,64b2e5425b6e9e423f2b941d7d25b23c59a19f2f20e3f92b406632d144185fca,0
565,11268,208790,1,69,7e96b16b5fa5f5e90e50527dd565b3e8182a88f15f3ece6e4cb66bd88028ec42,0
566,10462,206300,1,50,fbd028c459914770f5fa613aad1ea4f925e939095fd823f8e3e7aeb5d70b94cd,0
567,6185,192942,1,40,c1d59aca0307e3a5af93829c991d8b784782840acbb2828329a435110cff878e,0
568,7533,197168,1,80,40b10af7642a1318f928bfc157fd822be6e6747d49631cac43c4625612c88002,0
569,5603,191142,1,32,b34e99463378c062348a74f2b8da5a82af396c9dfc002c501e1e47d835fb9a0b,0
570,1552,178572,3,28,9e17e5772b0c33a05f1c1bb352b2d6968fd882ca2f3d0f230dd33326f3abd737,0
571,6500,193906,1,50,025d5ea9e66c62ddf3152cb31458b28db22106cbd66444d98dfd273a27f394e0,0
572,10840,207485,1,30,bf232fba7f6014b7a02f37025709166fce27b5c4f8c27a43d82dfe629504f365,0
573,5549,190980,1,31,2e6b197d2af93a761821b175dbf0be0af4d0d6fe26b0e7f6bfcd79db3ced1241,0
574,7907,198313,1,55,6bbbd1c88837d69af45c3e617d6b9a5b56aba8552bdd691bdff73a66cbf2a4fe,0
575,415,174991,16,14,de0e29e3a648a41340d5b7e97576c34a81d5399cb86f085523bdff0bfc5a91cc,0
576,7605,197384,1,31,f6580572402f7942d712608d03665777beb935025a2a25bfe7300fb52024b19b,0
577,3741,185348,1,75,072a25e5237f0ab7036fb18c0f1b5442ef0f0ed0eab158f50c9a1fe154da8d65,0
578,11869,210653,1,27,57d72772dbc2c644b017845aa6760139973e018c94e54a11da0d90830789f797,0
579,4753,188476,1,31,fd33e9b87a95ce943dfec8fc8c53dfebce086c22f03f89fcc8b097ea76b55034,0
580,8386,199791,1,56,0ba19971244147393c230e32a2d8df06853b45d0d51f78f0ad7efd32eb93dfa3,0
581,5971,192292,1,34,a592b5a5f8e8632cd341c110927b3120020270b02710ee824817546bc6ad6939,0
582,8002,198609,1,48,99d9e14b448232969e57095959d566ac9364b8b38534dcd08662895f805ba236,0
583,6516,193971,1,30,d870011cee86c9a03a793a81d1dd3f2da97987b61a3cce3e351be70968639b3c,0
584,6428,193689,1,42,cf9773a07f3a8c43cbb213fcb3e759cedef3ba0ac44c5c055b105681d6eadaab,0
585,134,174099,1,41,a4d8917d8916259926eb69216f827e2ddc5318e0326cac2af2b34788cba40bd0,0
586,12669,213082,1,42,c4f8bb9c3f3ae352913aec89dc93ce255f2e4f87076d09c9547d7e55729eaddd,0
587,3994,186145,4,42,ab91350cffe71202d9443a36d227608141d218159454397f9a233e2a603bb5f5,0
588,5506,190851,2,27,9370a0c7d85a7bdce74870081a10538246f4dea7a764316666e53af920aee392,0
589,5486,190791,1,39,169d4ad42b7066544efc1816b6d2687cf54b60fd561c747ef4ff81bf314e6dde,0
590,11550,209670,1,24,d06ccfb9da651b633bbd59ecbdf1a1678216229570cc2235eed9d7c98b855ef4,0
591,11944,210878,5,16,5d6745453ae8f1f36f1c566260c020b498df13e730b23896d2a69419160ef0ac,0
592,10777,207266,1,73,e8a74a262a3bde05334e6b85286efb41706d556b70c1993496cf64145b48c1aa,0
593,242,174436,1,60,65d234ac9557192ae80c40219799f88c9f9d255f3ce2979cbf3c20e6fcfc9309,0
594,1677,178969,1,49,f75879335b9ae0fb0955dece72703fab973705e5f282d2af615d04eb6f4de1f3,0
595,6864,195085,5,23,6481c4f8760317fe3dc9828633f88425d2bfe27ddd7595f136e8f983e0682da0,0
596,5004,189280,1,60,40fa4559b8e9ad1ae38b451c7e0aa00df9329eda1e1857c651db9288456685d6,0
597,5544,190965,1,66,1f82a60125ad925dcf6b5fc934cdab00cfc2b0f28dd7d7a30925a038feb12516,0
598,7141,195950,1,28,6adc487d6d7115dec79f4bb50f484896c1fe82283a53156b8b55ef0e3ea0c231,0
599,8789,201057,1,28,f7689fc0dbae8335fee95e06002418a9b373e0332900f3299504617dd5fe4ee8,0
600,13036,214223,1,22,c43122034461784cd2751f30c1e4cb05af221a2626405a8e8a3efba91f5cebf4,0
601,8100,198903,1,45,b0bb52644868ba2d68fbabe1178bdef73c88366033ceb669675f57ca7bca9e34,0
602,10255,205649,1,48,cd6ff944f73ca358ba9b191d0f194de724af7f91d6d3a761dd80bf92acefc258,0
603,7743,197800,1,45,303e4b7869a44c9c25cdc9899e9561a7946c06846f45c2cce45ecefd0164cef7,0
604,8310,199558,1,35,92c73f7a7f2b77211f54ba1fa9eddaff77755810a81a8320bdf5cc3f1d2aa6dd,0
605,10964,207864,1,29,60701d7e579c40177816488c638add230164be922bd0e5c927db464ffe968f8a,0
606,6259,193180,1,66,b5d303270dd3dc6a09ca68e2b68a9ecda5e54ff0a4c0c9866a37243bbe420b26,0
607,7152,195991,1,31,9a245eee5609def5e4fbc81c51a971b784b2062c9c861ed6236b21f96716d57a,0
608,5241,190008,1,57,bfe17e80da20c8189c1acf0b9fad3ccf4d18aedb081057b0caf91bf882804167,0
609,2238,180733,11,25,c0e687b6393349625f36b4667d3a4eccf0e64a8d3d5be44cafcf7051e63fba1a,0
610,4027,186244,1,72,3316a113a0e0cf693605cc72f77c24a29ad82c13e4f82370954b911f42b1fcad,0
611,2218,180673,1,26,a9dd77354c9a834c1531e302f5d72bf77cdd40f5bee5ef130f310ff73765238a,0
612,3836,185644,1,40,dd33e5540ccc8f4c5bcd690a82c2f95aaeae459528f536c9509875f31ba3b441,0
613,4862,188822,1,36,c0acbad6dc7ec780d4557a4fda8ec939e3e4b308fc80169d5cd70f30077da56d,0
614,11766,210344,1,30,62a51b64df530c196f363c7e8c2acb8dbcb2b39b6c1ad640abd3b587d2d57bd7,0
615,6446,193744,1,26,0013136d666cfa17acf14a79a7656423fbfd30f18f6d3d4afa4f6889210bd15f,0
616,12873,213729,2,20,b469618c8bfbd5e7d12dd0e12b9a3b833ba9d6bb2994e6709db5f30834b4050d,0
617,6592,194206,1,61,e1225856c88e7505de018e6b524b974a828abe64105139fb5c018778cb2289f6,0
618,1832,179456,1,31,68de2d5766b437585b8dcb3b3018d5471868c0568cb68e8e89666a2c50cfae71,0
619,4134,186565,1,28,1297dca851a45f1115b25576a68e13ab025fe1445c77e141e0e8e29b63af3e4f,0
620,6899,195190,1,56,8516df30a2baef36122cd4c8da91c6635aa1a0d239db97808fb3503d433ddb6a,0
621,5160,189760,1,86,ae21e28523ca3a17ebafcc338578d746c10fe2286011372435e619429d4c7611,0
622,8569,200359,1,30,ce9dbcb8b4dfb75739546a3811075e3bb18a70f55e8c930f24677ea7d122a7d1,0
623,7039,195627,1,31,b0c4c4b251b0e49c0ce318cdedb67a04d07f36c3464f321b6e362448155d6159,0
624,199,174294,1,53,3fa610af2602b2a4a1ba6fed8d32e2b9efb1b7b5e6c15fed3d1db996a74cdb5f,0
625,2368,181127,2,23,7ef942421813a1d0df179fcd028a8ed4f77795e58c597a0c5e4f82a2dab62c50,0
626,6354,193467,1,50,6e8813aea65b688f9f8f7256763801c157a85a09d57d7978f2747fc743755b6b,0
627,730,175976,16,16,62acdb2d69070e3b6cf486b25626fdc37fdb4b1afe9dac5dc0812049ad8bde06,0
628,882,176458,1,37,1f5d6f5edbf5236225c63ec7a37a1587f759e236e1eed1933471f2e4c3867048,0
629,6831,194979,1,48,ac078cef34d936d5fa94f518eafed6a64e42bdde88ed286163e9e9e1f354ac00,0
630,11948,210890,1,49,c72f0201d525546c687156888d156cc1f51b8a0ac74cb0292683f7cf48f32075,0
631,1873,179579,1,50,65d1c17d7c54df51d34f8400bc449cb7bc9384377d058d174d5d1cf230cc11d6,0
632,170,174207,30,18,b81a460fbe6fc9aac8196166a48b23ff97e3d60af7077c2c7a71e985c283e5b4,0
633,6619,194287,1,28,580125cc66974319222c1fa3adc0c592b3e5ffec9811832b2b01e391d3f97903,0
634,11378,209120,1,67,0b50ff4f9cde54caffac024a55e9687e25b6e8ccc74dd31c8798e0834b116059,0
635,11627,209901,1,44,a24d51a15b471ca470d3e05266173bf51ecee61ef352d51ef65dc223b35e5e12,0
636,10560,206594,1,30,32f1260a2e0b6c492ea2ea8bae18466c88f72b689b194dcd0835dda64ce510b2,0
637,8007,198624,1,32,709fc3d3429acaf45a3be07e5cd6e5dc0ea2c9ef26dd17ab9e248158e454b49e,0
638,3806,185554,1,35,a589d351e06809dbecf1ee8550f8d70f8c754154d856d19b040a25790b161c81,0
639,830,176287,1,58,064fa18c100e1fd1126693332401bb47902f3c03cb74e26da6e2b11c3610b05f,0
640,5795,191737,1,54,9c4fbb5f4c5fb3ee31d872e2f1336126a19fe94f8b608f79b44db269e5ef0fb4,0
641,11596,209808,1,43,2780e410548558899c8302bb5c6f5163940c53dd2c481827dc9d0cf9a258bd79,0
642,2108,180334,1,38,525edb87620373f914c1de1910b4bbc4f442d12f1e5bcaa16b409bc07dbb16af,0
643,1079,177068,1,34,8468ef9766aefb929c28cd28b2eaacf4ac0606cd4ba5147eda240047ceebe320,0
644,9575,203534,1,57,8c1f542dc03e50322f4efa50e7410129f6ba97bd05186d60c0bedbcc493c3675,0
645,11979,210987,1,60,260299819510e07a4df0c5e04c7792dce43579daf189aa01a93b736dc3fd979f,0
646,1257,177636,1,36,24b0b293582a7e615081cae891a1d954c9b1f561e314dc5ed715e1aa6385f4f1,0
647,862,176398,3,13,1699808af38b8af086dd6f0782ad04d4de7fdfc49fdf8db64836b85951a924c2,0
648,2879,182689,1,31,c0f4400a7d85b4c707bd41d018812b5667d5e68f5190d7149f3b2821ed1edbd9,0
649,2833,182551,1,32,d1638256d2c450f54f774868b4a4aef7cb3a6f28733c485575185455453907fa,0
650,1516,178462,1,49,26ad45902dc7e467717d632e95818117066837476d8dbf06c0a81c84ea6fba30,0
651,5683,191392,1,50,39eaf33108f671a70dce4148dfef26c034d56dd7b23741d489f8aa2e6f68a763,0
652,2195,180604,1,31,a3724e689d2771721e4ecc30de8e7746ed97e6be2ecf0b639811868d3e3a5697,0
653,10019,204906,1,38,28668cf336a5da12b5e72e35eda19ac6962d32de65ffb411a4bb19d2900726d9,0
654,5100,189571,1,29,555a140ae90aa4c53468664d36762d7cbd84ce8c11693e5bcfc07a36e270e9c4,0
655,12815,213534,1,9,29558271e150562e92525d326056be7c2252b26cb698f3a6a99e9341d7d0d688,0
656,10836,207473,1,49,955fe66285d231fbc50575bde967160f6a9a7bc44859e0ae45374150aec742d5,0
657,10610,206748,1,18,566ff51f141c1172f4f3a336fa1ce262425f6cde38883166c01bf8dfb74e8182,0
658,6923,195262,1,30,32e6dd4b29c129744617ac361eff7eebb78103a4b67ff49c934690612f6d2798,0
659,10315,205849,1,54,2e6f18a1141c9623e6099f8ae1850ce016dbf81f62b02749d4d519c467267768,0
660,7105,195842,1,62,7305765b1ae7bcdf854b94531704b62be19443121bf2e0e181ca9da361a97c2e,0
661,997,176804,1,26,610cca3b0442139a3f2e3da81305efd976ebac4ed8519d2373948a6af7ffc5de,0
662,1811,179393,1,38,162e24fa0ae2e71fd8497fe51709d352217860f9a588bf35243baf019ef149e8,0
663,4643,188128,1,27,05d479ade1d1a075bc4b954d891633d6ffe106cae4ed50affa806c0933cc5884,0
664,6094,192668,1,93,470b1298d68b705ed300e38dd54880acbd313cc0073975ddf326d813e7e72f46,0
665,1436,178203,1,47,80123b7eff3f134ea30a8cf07a0f08fad3886fc1baf89b86e00f05e949fd7b6c,0
666,3007,183085,1,51,31747943411697fde65cff52c0e9698d4e83cc901f23e1c85b89a36d04f1f933,0
667,5480,190773,1,68,e06f20a3cd3686dd5e771811d59fdc830264d2e35c2c3cfc4d9bc06b5a1d08db,0
668,3543,184736,1,63,e2765f96c86ad17339450d740ffdd025898805822310da7aec9644deea9b7633,0
669,1274,177687,1,61,f5d753c13d71588aa40bcc728586997d41e179526684d3cd8288483e4f8ee09e,0
670,2992,183040,1,33,1b2ca99792e8e7302365a21f9c62eeb4e084f8b0327862335cec396856ff7b84,0
671,25,173760,1,26,2072741aa62043e2f325abff1ff66f82c7ff1518edb83b1923393f53aabd03b0,0
672,9792,204200,1,100,8126f646cd36526f163c1c53933fb4d1ba62db37ed3cea0715b415ab95a1f782,0
673,11397,209179,1,29,1b9a5252f6fe08e1478094ef4d0b6a30eb58fcb88aab1504a858d12cac913134,0
674,6796,194874,1,34,7277f3f68cc869e02fa27b288b0007facdf0ec7c3e0bdb4a698c271d3ea62423,0
675,491,175231,1,64,2e9ab02bc0e6fe12c03924c0f9e1498ab2a8309111fc299ec07cb839ea7ba591,0
676,5274,190123,1,27,6a774e1bb5bcad6bbd42dc3b9868b0ff54f2d7bad522f5fe8577c47c371bb504,0
677,6715,194583,1,27,99b553c29e2c221f8859e6c1eb9eb3a8d8583965f7273b44537313581a8d5e30,0
678,6583,194179,1,37,810e99b38893e18445dba628edaac0c39ef7628dea718f9e1be8116408f32e0c,0
679,10966,207870,1,34,d42865ef11b66beb57c97c3be09bd403b5d84c9113824865ab11fe71c464bcbc,0
680,1210,177495,1,20,69a402ed80b057535cb0ec524767819bc4e0a7b58efb5ac09762f33514a7c3b9,0
681,5328,190285,1,37,38a0ff341e8ba3018044ca607e95aef21cb47c902ea81bfe75a412846e3c8f41,0
682,4291,187049,1,56,1cccc2e383b65bd1b9e84d26b10f3dcf2909543295baa3c8250b6ac76df043f9,0
683,2121,180373,1,67,52fc86e33d721d6379d838463240cd57ad1da0e8c51174a8113d0cf93f1d3eee,0
684,5086,189529,1,38,0bac8d958b2647b6093c262216da6bd86c2d73f96e50496b3edab24be4a14221,0
685,2830,182542,1,32,33d7f4aa5197eb0539b26c9bcc755964b80f32d822d5ecfc2e66ccddb28164c0,0
686,6112,192722,1,57,48598ed3e04bde02476e717cacd5aeca92ef0dd2e28dfe785d0b0c5de14065ee,0
687,2694,182134,3,28,7bee5294640fff79bf4cc40950b2a80ad8e0a924bc18f32450999dd41095ef34,0
688,985,176768,3,25,ad8cc00064079ed7d154ba1bd0bc7589abd22e5080e9d61dd5fb2119b03e69dd,0
689,3209,183730,1,44,7a2fbdc9bf3e4cb1fff71eeec036920538e4cd2a4897f8f08718d0c3401a7b99,0
690,6726,194626,1,27,fc037d860a7f00e6266d47bdb4e83ccea6acfadfd6c94d5da7d080f3edac4d9e,0
691,10532,206510,1,81,6406f3c1329b8f1adaa7483bfe1c55492e8e9441bcdbb0d586d517b9d5c9359b,0
692,2318,180977,1,38,39b34878a1d593bae081951fbe6e2fed54432fec7e743f36df7f4d1e939beb4f,0
693,11360,209066,1,25,a1babf6966272370bda35499d8a2f54cbe88da9cec6c64515eb247b71b4b282a,0
694,7080,195767,2,16,617cdc986ea3398d8a37e7c9b95229205d7d3989d0334a51e7a253dea2201fbe,0
695,9639,203726,1,37,eef2fbe153f03fef753cd100d4c44934446a1f56bdaec8f372a81281853e5e1f,0
696,6291,193276,1,36,8a508e4e127ee02beb5c7d8f2b2afc2b2e0e4a8637e781982daa2ddb5b1fd6de,0
697,12203,211670,1,36,22a45085b2d580416b663378ec972494b635a9132d4eca22fa3c314ff06716fe,0
698,12018,211104,1,26,4e84e3db1e7f2c7e182abb0181f126a011d4b40199c4083f39c4469d50b61156,0
699,10506,206432,1,32,be2f7d8af0bbf0c60fd16b46cbfcc5c180d49d82da6825b231270ffb860de196,0
700,1408,178119,1,46,85f13167ae6387dd4d8166c90566235a49af131d740cc1385e69abafeb9ff15f,0
701,10410,206138,1,31,a2693a31b6f6e23385b5a97af350c2594b6c758e3b4e1da4afcd9d1ec0f823c4,0
702,5730,191533,1,54,3081309b64319c4796cff2e3a56400d951d85a3b373e6d95c108772629802096,0
703,381,174881,7,31,40a7dfdf21ae82bda52e866c3c8c7f28e9770952ee49e54f524c87e0bde7f8eb,0
704,1645,178873,1,43,c1fd56d18f07c652b99edd5920acfdd78a14afa046998ba1538995e3252aabfb,0
705,292,174614,1,39,d93b8a15e272c4ef8da732012f9a30d7146bd60f73d1202d929e5f20f5c4dae5,0
706,6211,193020,1,41,064e5ce67a9b4e0764a51d58a873e3d074d8ff319e33a5d0fd541ffea6b92141,0
707,3571,184820,1,34,f74cbfd018f8aff4bf5b04f2dc0bf6ca84fc441c259ccf0bc373a7747f0a0c3d,0
708,11420,209248,1,42,4bacc181dc09d591b05a1d1df98dac276d20cbd4c05571752cbd7a937ff8c934,0
709,12728,213273,1,31,9da8094fcc2723a62b6c0485a1cbbde6a9446df8fe0b3304f2a54c21843b1558,0
710,3728,185309,3,25,d51fcb66cf9dd294a73314ac99f3d50d442059d65376487d62210018ceb74fc3,0
711,1644,178870,1,69,0e16692105153c43005ba03ee6767158d8581dbe25116687a39c106756d5ac39,0
712,11400,209188,1,42,15868ebafeace40225ac5ea95a5b67da5af4d23e0f2c54fc1162806b7893067b,0
713,8220,199270,1,29,9a90625a825d141d41ffd8b1f5f2e9830b4ceeeabc4c6fcbb3cf5b767ce90d5a,0
714,7842,198113,1,79,e7d1c7039497171add78da3f5dd03e1a57755c6c834bf8476220e0ceba36bbcc,0
715,7508,197093,1,45,6a6b169162f70163f4f48c081ba00fe56e16bee0c1fa975476f2150fbc08f865,0
716,1915,179718,1,23,05b625b5d1b52fbe3cea3402b040d48558076315fcf6c5f4ddcc198a37bb025e,0
717,3071,183277,1,29,64f9341305307fc8271a4e7f5e69d6b02e22be30420d0aff0b335b48d77dc38b,0
718,7710,197701,1,41,f212b7ce262e2a28c50af0da59dc10d5a5b7d6b1bc8a1b35efb7826b381731f2,0
719,12068,211254,1,41,807706e58b551d96ea4fad2340352a5f1b02328e291f4db611a90658ad8572f0,0
720,6719,194605,1,46,cc9b9812b5bb0a4b9e4c5509e9a36d543e37ad17a3caea070b34879716492c23,0
721,9565,203504,1,71,91ad6856ae3215165fe6937b7f9266c0baca95419d83494ba4bddb18b082b975,0
722,550,175410,1,43,43dd9cf4085ea1bf27c770ec97e3e92070804a77332239b5901658396869099d,0
723,10991,207945,1,29,f8a234d95264068bb7cbb3834667ab8b10ea7740fa6c1cc8da18c2df2fbb7766,0
724,1587,178677,1,53,8a9bebc183995efa5051198d28de2e525084dc71aabaec1b4004b1d00d2073ff,0
725,7347,196578,1,87,d867e31eed8c6f93f6b4de8bafeb254138dfdea9f1ed8fe7c44a468f096b1da5,0
726,5793,191731,1,37,7c822bb2118fd8fdc04e84a5032688c98dc08b5602456b5c10191c7388437fed,0
727,7555,197234,1,46,c8ce6fbe8ddd893f747b8887a689bc999f4f040095a031ba28a85998bc7a69e4,0
728,2142,180445,1,38,60e239e9d448c981c438e7f1e18286ab63424950c763a02f0b2145889f6d826b,0
729,9672,203835,1,44,9dd38d5bc71cf456f0eb77ff6be02f5bc2396f16b9e26b7c2d5f60ca274ecd36,0
730,12619,212932,1,33,5493bbefe3f354cfef777d9e8be751c14f5ef4a6df3ba3334be5adbf287fedba,0
731,11,173718,1,77,97293a15a75d2a0be25224c1c484d52db1a1ff55f7d45c8397810326ee3a1772,0
732,11188,208550,1,28,4810bdeef19bacb480f512fa146b286cd3062f7de365dc52db357fcd55fde96e,0
733,9942,204667,1,46,c2166c252f2ae93eef5541445a4cfdf75dcdf66351347d7a406287192b2ed210,0
734,875,176437,1,30,529ef440573c5d9199cafb7c51dc8e9e3de830fbec629b61b9ad49b7780b174f,0
735,3885,185798,1,35,49bf63a5e5dd3a8f34941e92ca8f736140a82c49a99c607920f4037885cde797,0
736,12715,213234,1,41,385c399872651586c20496f45fe9909d4a8436358fd7106c3fdcd4bc26eda0b5,0
737,8592,200442,1,32,604b32455d2b6626b7793834021b28e7e88f8f59204db72b86db5c8e68830986,0
738,12161,211543,1,57,e256c51a1e54972ac84695f6a9a850ce9be516a58db6345d6cba1363cdcb5b5f,0
739,10596,206706,1,32,59ac37d7d7987472e9172b3f1bbd559be2d4daec92a67cd77fe078e91e83d3bb,0
740,836,176305,1,45,040ae18cb6b871d97e23ec0fac10d055036359c51ee40019ade62e742d744ef4,0
741,2473,181447,1,57,0f98151f3f67b5e33a0d0b53279758b23a2e2a8fdfe67d9a20d0f1c5dc5e301d,0
742,6708,194562,1,35,40cc6f9ecf3bf5cbab3b9e4da5b1374b20d96f5c46285f996e8623199df42fbe,0
743,11785,210401,1,46,1873b7010b3130c6dc13def1156272ee2d8ececfaf1e0d0b5a2eaf51c9e9a077,0
744,418,175000,6,12,c89efa13fc04f3e82327b55113c77d4615f16bd420d494f28b68d0d20e007d0a,0
745,5471,190746,2,24,11907f9e9d6a58f861c8591914aede4886c5dd2273077271d57acee8f5eee26f,0
746,3032,183160,1,55,3f43f4014d8f9691c49c89cea7bf69064f37074d9613966a9432f03a6c0c453e,0
747,7260,196317,1,70,0ba87d4b1d55a6d7cd3c8377832f8b9f46e416fbec7111391ce6c2849b429baa,0
748,196,174285,1,34,416aac7555fadf3227a862649e079486db9a8e1ed7dda6810367aeb580a179ba,0
749,9777,204155,1,44,845ed2d3022518bad8161cff7c84a3066da524ef0f21db6e0afaab7189ea8e8f,0
750,1679,178982,2,29,8ec9b2ea952698a2f7eb214343c056bcaff29ca9ab6bd2f30cb657007c4d755a,0
751,2101,180313,1,46,b8c1c5ec50d42a7ab13bbf928929963d8639f3cf97757e3147403d0b6e14382b,0
752,11178,208520,1,54,60b52dee0b88dcd49c1d0449032ab87f30050a9d5c8120213d8d33dcf0743c2d,0
753,2174,180541,4,24,ecf21bb474d1871b25258e3291124a645ac5f4d664b3e985d4f487e0e16e7340,0
754,2928,182843,1,37,7763491cb425cd4d9d59b245f379b52e7cb466a31eb9882d3543a9ea68673e5b,0
755,12149,211507,1,39,1a321070cbb32dc35b5e1276d908f46f595d5a35fa88d918b61d74b6cd615913,0
756,6824,194958,1,22,10fc6c2eb5cb1934e7fd981c11f78f6beb926061c0d25ebe975d8a8501ad86af,0
757,12463,212464,1,43,3322abf02f96e2f273ead1aad73266fc030c7337645ac2163f5e911e8a541b97,0
758,6326,193381,1,51,8b6012e656477344b36d431e6ead3f3785ea2fdc31e7bb7800a90a3f1bd59779,0
759,10003,204850,1,43,f55ecc396a8fba505a821f41cf8fe3a6a783798a26e5e2f6808f38aaa2f293b4,0
760,11735,210251,1,56,d89e2ff0e98340fe092f3d3e504e1db58bed230325ef194db12059a208c64fda,0
761,11471,209401,1,31,0d52de07a535e4269ac2a0b0434e5a5b4704fd4d90f3115aef06f18e857bcb70,0
762,5548,190977,1,80,e49d7ec717837df99755b7c94a79a70a9ed2b03f37f77c5809dfc1c15004eba0,0
763,11046,208124,1,82,4133c16e59dc3610e2d46cfed1154e29d4ed6f11c924a88d34aeac6e90147383,0
764,2742,182278,2,28,9d161a7148abe2de85f9c224ca1c04becec20c1e9759620a9cab3f28c51a53f4,0
765,9123,202113,1,78,f64c94d37620fe5ce84a7297242d88ab1800573c4afb588aa2226b873789edf2,0
766,3984,186103,1,31,d918955156e753e2b92785e43f9216b57eefdd0738e9cfdbc16a702ac3f64e68,0
767,12448,212419,1,31,c639e8b67de1a1a3b0eb48075d1272703bf53af34d9711ea6fb5e9bede4919fe,0
768,2573,181754,1,35,6d45bd49370e6f50ca9f8844fec915d2339a7650ddd77547aa558d657e576e80,0
769,1172,177365,2,35,26b89d2f20ed26f7edb7d7939770455d4efd6d8b0e1f6ad6592ad11b9cb0b34b,0
770,9996,204829,1,36,5f32b662e4d8a3e017f7591197e5552af46bc69bb6e6b85104cbc9ed3a17fa5d,0
771,7994,198585,1,86,428549eaccb3620b01da4162c10d7493783a272ac8d17d52ff23670d69a71f9a,0
772,12432,212370,1,31,888f1b82f0493760940e4f4e6506f17a33b69bde77dd036e3f7f9b205bc477da,0
773,6150,192837,1,36,61a1031120467400b30cf4a80a0bd87a35f009126b82174ab3a3250ea8c1b9b4,0
774,6586,194188,2,43,3ba90d385a33d72a39966e835fa447e42c432d34d355f0b717ab08aaae0e3047,0
775,6947,195347,1,38,b0631c940c25902712e29f29b5ff2ebf5413ad69f48c7b2d7c18d7ef376229b0,0
776,11920,210806,1,36,e07525af946472b6946a6a415cb3cb6fc11627501674b9a8971b79dffae29c3b,0
777,2824,182524,1,69,5b0bc1314401b679226ca4eba831d131a4cb3d24cdf160e219e91d0d9441fe00,0
778,10706,207053,1,33,5f8864a9152d3a82944b6bed3385245db95af8b7db5f2ee5b0aa19d9d66bbc0d,0
779,11773,210365,1,32,83380987905c7b474f52ab39863a5e313e9768fb210d751504a5e5a8924ba7c7,0
780,8137,199014,1,94,68da5e2b6afcc3a02c1fdefdefbc010802f805e52dd457507c2af27be937abc8,0
781,7810,198017,1,49,51716ae990d3a1021868ee2243908c647c1bf84379dfc7453fc665889cff34bf,0
782,8998,201719,1,28,52c62d029e2b8153f30f9c92862a3dfac023f75886a6e7567bf183493e0c51b5,0
783,7521,197132,1,52,380d02a5b3f5fb55fa27b0021c189d87219ccb77a8e47a1a1aaf4b7fdfa03b7f,0
784,3926,185921,1,86,79ace3407d60b6d9883f45c7af6501d5f897af473e262b4fdf2e5639bcbea74b,0
785,5463,190722,1,37,386f1569b7df936615b3c31e54215a6264e5e7b80fdafba2474b443712fbd75d,0
786,5329,190288,1,53,858734b10631e960ab011982c1e58d830f18f92f56c16185dd22dbb8565f668f,0
787,9858,204415,1,30,d0f80c7d1f1953d9d39bb27569bc94a653f2831df20602191717c21bb7703f5c,0
788,682,175822,1,36,c63c04bfda98a6b569038172cdc5ad9d70036b8dc404e9d55681bff223cbd807,0
789,7447,196900,1,28,8c73f29be42aeab104a79dd194544ef9046a959820c1524b226d68cea004e6f8,0
790,9066,201942,1,18,d3c10d367dd9b1f3cb462b0754bd037c817ce29fde0d2aaeaed6c19047dffb47,0
791,9223,202418,1,42,94f204baf90b4f54b52fd8da1c06d6d34000a1339d96a5737fb1cba6b6fdb270,0
792,2888,182723,1,35,589f58b3bbe59a0e5cf23ae05fa772f0ed7b52589a2a104d7e536c3c4220db54,0
793,12065,211245,1,31,afa744ca9d89a27dcfe76f2e429b2263f329a4285d1f2472b91d2d4c37f503ae,0
794,558,175434,1,23,83bd0ef3480827d9cbe208b4d73d5ba2c2463dbabd935910f8a20af8f0f1d97c,0
795,12281,211904,1,21,a26c600c815f4fa5bac594f92b0eb2fee25467153f975a911dd4c9e181c6e50b,0
796,7794,197969,2,28,6c73a79e7972a299cf066d048e0a2d851ada9499e67bd265337b185e7a007649,0
797,1830,179450,1,56,f554a2c40727b006b3f9ef8c920ec8e17ae825a2026efae8e0dfb39dce5d6d90,0
798,10554,206576,1,41,6a76ff04b69bb20852eadc2d32075ef8f38fc1370ed074744626100f102280d4,0
799,1817,179411,1,32,a2328c22c2d059b2e796c73b5d1214a15885a073355d497c7c1312782e1d0861,0
800,12905,213825,1,38,dfa834b2a4d7ab49e963e5e1e88934207d2ffbae3718aae312f92a5d3713c72e,0
801,11050,208136,1,51,436e1dc246da8b9fb532850fd23167e654bb48e3c36513c6ee13b520205c7298,0
802,222,174376,2,20,2575dc737d2049ad07099d5aa71140aeb2c880c684a6852a1e27566971bd7856,0
803,2734,182254,1,35,a3e1a9c503649485fb6546de28cbf8871fc88f9666c10238291a2517dd37138b,0
804,9835,204329,1,25,152bfd6230a41309990e2e37f9179a4526739682251aa66d550b5d9eddd672ea,0
805,2936,182867,1,48,db8430af89bf79a868cf116ffb7d214bdb4a1ad6f0657d5ff0ced63b99a1a224,0
806,1268,177669,1,43,6936e08d0fa413ba66679b1662b966d426cb250997e359ba8fcab19739c3e3c5,0
807,11383,209135,1,38,eca0489d69278c9866296a8fd42b3168a72326693492084516dcaf76e2be8188,0
808,7960,198472,1,36,2a3b0ee8dd64143d28bc415248d132c1f8a6c92855e41177aac1665c1a58872b,0
809,9519,203350,1,50,378f7a76e5b38cb78d8826d67fd16d7c6210f3d13d3c5a8e2fa61e1c62c167e2,0
810,1405,178110,1,47,823bcf06489458cd6378afa9634122b027e0da312138a148e3fc6818b8f938ba,0
811,7673,197590,1,52,02f1ab3c02ab9d500a9fd12a75985c4f05e87b2cd8523bc3613b9d63a6973a44,0
812,7409,196786,1,23,59c7eaa7a0367ec12519fde0a618eee006945be3619a2325cfd6936c560ef681,0
813,11875,210671,1,68,dfcb8aa48299bb74a60d60afcceb4302b36e5c37b0d1eeffc84d60f6e5444c5d,0
814,541,175383,4,26,a90a6edad76a8a48b0530091201e67c55c36593c5fe4c9be2508e17d41c01f16,0
815,1148,177293,1,31,dbabb37909f4d9d1df25cef2003a36f3ba1e0457bdbc5d5e342ea9ea38b42b45,0
816,5359,190402,1,101,31bd2dee0e0a426847542ea920d8a6c4957c86d29c361b195f179d1c2ba6a513,0
817,6696,194526,1,42,bb9c2e2c8682d38382f1addce9caed4495f959825f21f9ac4f1784b5c7f37812,0
818,1626,178816,1,58,03ebd054185b98e873ef4b36724b08e7c1787e2f89682b92ab85dc55b59dc17a,0
819,10442,206240,1,56,5d9f12e8a36b5133cfc15a33ee6d89a26c942146a574304e2d5196546cac83d0,0
820,10648,206862,1,21,4f1e557c7a3c0d0d129b437c4ca74c8bdee16c30afe66064c3ec3d4ccd887195,0
821,6966,195404,1,38,35ee31b611cf721c2196ae5b8eb3bc3f3bf7a6f097e0e97687faefc953dea37f,0
822,738,176000,1,28,7503bfde5e4e3327de0905e6deeae95cd59ef39a22ba39e305515ae8b9f1c52e,0
823,7580,197309,1,38,b27ac2b59bdf481502d763941d1e885545b6d3d3e120ab8346d4eb688b68a78d,0
824,911,176545,1,40,a613fd023b17ef566db4da7c1fe0a85351ff10455b037526bd38dd352fe4e072,0
825,6852,195042,1,46,c196cc3813fb4fd407ea2a049c31340f412d3f352147a05515e12a0e6dda8c8b,0
826,8493,200131,1,40,35c24649630226b55c2b00d44e294badd99029bab58808a0711b7470bd65fecf,0
827,8939,201526,1,36,da6730eb494a8de77b812989599ec719431f835f25c4d1ab6ac871ba36f41800,0
828,10385,206059,1,29,c5cac81707b76b38f0271985214ca5fee1e00e08d6d44a3b506fd870084518d9,0
829,2764,182344,7,20,d3187891c334a01fc8da8cf25c274b646e671585b2da53a465bb035711c2c290,0
830,5565,191028,2,31,cc5f6c239c938c576c1d4f76dcc04c9763fa608990a67c2e0fae977434366e0b,0
831,9901,204544,1,27,b393b0d3bb4997d75437a91a64b93522ba27da71b557a598b137e07b4a1c017e,0
832,3697,185216,1,49,54fb25bc030ff84c70a88de9a2bcf5fa390be8808fe97d070d91a922213ba74e,0
833,3433,184406,1,36,b78ce83accd66b3c4eca0497b183b536625d72c2ff11bda7317ce117b904af81,0
834,3569,184814,1,61,d91a3f8ae12bd2a2cfaab6bf158598d0b699b38332f7ea36d2ec9eab30fc5834,0
835,1364,177968,1,54,4685ae11f117e37312bf11a098d3634b408a197567012fc83b20e6ac3fdc4a8d,0
836,5494,190815,1,50,6446e0ac6b5584513331d5ee48d1224e4a582fb964fdbad81430c21da1ea05f6,0
837,12121,211423,1,24,5f4039ff2de237dc33635ed0f18236f1c311b10ac1cfd836525ee43728a2e06f,0
838,2717,182203,1,34,df87cef2ec9fde3ae132dfcab589f9e85a019d2c737687406f8bf14a00d4d8e8,0
839,5295,190186,1,78,9543a1d9b8ef021b81fdd202bfa55cb49c0564b192a32c4bca553fdf62ab11be,0
840,11168,208490,1,38,440119946d9fd72e3c2c88ed02e1a78892cb76661ef8aa8a02f16f5b3455f5b3,0
841,5823,191821,1,61,dba82561d54b3a67b55b84315005a19aebb76857757b46b7eae09460593a79fc,0
842,11119,208343,1,38,bd1605994cc468eac1abc5d84d837241dd29c30df9686945c1ef40b9e47a6d7f,0
843,5890,192037,1,75,a6ccc8dc7cfcafc5bbce484849c6fa5c9cfc988b957924b26b0e4929842578b2,0
844,11273,208805,1,27,2a909339eca325b52683d563ec36c13c68684066ce0bbf7341de10d43a875564,0
845,6698,194532,2,47,574dad5c88069326927d8228dc106b5b19ccae5af9d8a40f09400934f1b34d84,0
846,3028,183148,1,36,5c1502ed6c8d31d2c9cef4a4c3d23c16018ae2d48733fd5d2021b1f4d2b19f46,0
847,1253,177624,1,90,ed592543cef2558cc7ca7edad9bf5a70f1418fc0093b363015e3bb47bfaf8149,0
848,10582,206660,1,35,8f12cbdded6c0c595dcb05bf94eaaa168e2ff82bb13585194ea6434cbe787af5,0
849,8145,199038,1,34,f2fec7d1ab12280461fce6125b06783b2f88f444ef8a6f112f2ac55a5e1d3ff8,0
850,6961,195389,1,23,19982f9be6ca9d573277e0c940aa54f8161324047e43a94c814ee88851a4104a,0
851,10224,205556,1,46,f6c10d5ee5bbc22fc92d8830e635035a2e5b6072123310ea949843298b47f4ef,0
852,5723,191512,1,74,1de5b1c9e2b63925f5b9ec6aec2d0a1192f6f2207e2d49a4725de25b457c7753,0
853,11047,208127,1,41,119e900204fcf39d32eb51a1e773a54c543d2364ca4d7177f06cdb2da8146d56,0
854,7030,195600,1,41,2e36cd319b355f490e4d1c08f296aac2842e4bfbf512e5a98af6d066466a68a0,0
855,9174,202271,1,51,1d5427c902ec6d91c35d7e91f720eccabd7ecb7056ec370716c06326fd196b67,0
856,11749,210293,1,23,6a7a4a7a81ebab8ae6be2e8913ec829153b6b3c1b4cefe3f94d970c531e22598,0
857,5425,190600,1,60,8bed3efd53852946e8452439eeb0ab88131570b00784b3f93906579652a90449,0
858,9069,201951,1,65,884b45e76efc07acd65f3b87f231641792962766e5432b281e57f3e2960cc6a8,0
859,6889,195160,1,54,ddcab618944330dd85531354e905bd506b4a48990f03c00160222b4f365327ab,0
860,6877,195124,2,34,d09eade3788972646150be30ffba8629c57e189cebf509a85a89d3b1c3b641dd,0
861,311,174671,1,50,6b091400ba2ed71f228ae4a7ec1ef20663a9fb86e5fbb1c5eb4e908de72e7898,0
862,6355,193470,1,50,a143535ba2c8faf59537051d221dbfbc70bb4e1afc7934f33e27a6dcd0939bf7,0
863,101,174000,1,40,7626aca1ad87ae7659404eea15558ff5939d648623ce1bc025833545be1832c9,0
864,780,176137,3,22,07eefe2182b43b1c82461ba862da50b31219a6284de730558a8673e038c2f812,0
865,12100,211360,1,38,6776e6565c158f1e262cd1992e4f0004ac01e84ee2a80fb3dfa46f4252ccf7fe,0
866,6668,194442,1,40,b961001cd4ff43ba82f17049d9b8e151c1dd16f42e415959d6956d9dd98ba28c,0
867,8324,199600,1,42,359632df5aff0166849d04d24a5ad027d4bd394734c36e74321759d25d570930,0
868,4926,189046,1,56,0645cd884b918fd2b42c6ebe398ab3360696d5c7ab710b0adc51148373741e79,0
869,5735,191548,1,23,c3777a7820248888709b727342d7fd7403630f66fdd5d20df601d437f068b912,0
870,2580,181775,3,46,c65d9744f81bceb8946299723532ab584a0a6a7b3cc9e387a7ef68f22826f5e0,0
871,1776,179284,1,32,f0d2cb1bc73e56470b12478009a6a303af0aaccba8589b36e69ff2cf0c55c609,0
872,599,175573,1,57,b18f77e426692eea86dd8cbd160c5684468485307c8e106bf9287ba322a620ca,0
873,7197,196126,1,55,b02943238c97f11147bef46794e8be8d87f92c44f86bb049ade520827252566e,0
874,10565,206609,1,26,20afa508088c9b6ba52e426bf9d6e24fa5ee54b9e107bab76b8eec145cdadcde,0
875,502,175266,2,27,4767d28189a7522f468aec3738d0584d6af8a35818ee7d11516c55857f4760f5,0
876,2484,181480,1,57,b33d458f2d782ea1db7083ca34e1faa0c39950816c5129b77c5fcdac9e3e58eb,0
877,1623,178807,1,39,34d2c1d416abbf528953a3dc598677e2c42a0329375020bec96ad0b79e02f67c,0
878,6875,195118,1,43,fff224fc582ac0da59e63e7022143af74b59a0e4ea41474f6095329ed13924ed,0
879,7631,197464,1,37,805018e42e71c4d017e54feea5becd1ed720cb3548d69bfd4967f13642108665,0
880,3575,184832,1,45,d414ed76794e25d3f9baa02b08a60a453c304e7c16d5dfeaeaf84381ce6ec697,0
881,4393,187355,5,28,c3ac009c2258621b66d0720f32f1f0405af244f5d01fd785872d6ecbbef21144,0
882,2495,181520,1,33,988c28cc67687aad0b8a9c7fd366479d68e102558641fe34a54ba09e0380d489,0
883,8712,200826,1,39,42f7584db91b22101ff5f6566f8dc108f11b553b0f14cbcc2dc0591bc913b06f,0
884,13035,214220,1,30,febc4eccb3a00f30dd831816410e2afef6dce190d10c1ec1490f58756d8b1317,0
885,12273,211880,1,26,2ee4d88a4d3bf4959b8eb0642bab9c773111935b68026310bcc42eb8063f00a6,0
886,6302,193309,1,30,55f12db10210654599618602b428863f0d9982849f1fe3be30909507110b5cc0,0
887,3168,183588,1,49,fbed7e308308120b3e3a232115342b85926542016e2d6e9ea9949e4be59f96e7,0
888,5931,192172,1,28,3387a42d941254a3fe0680755620c56e6fd0a5f62078bd8b435fa127603e3af7,0
889,11717,210197,1,34,c13b59945188a8c1ce45eba3a851758dd81c75639fd51aab7951250a03d67249,0
890,7961,198475,1,41,cbb75758c188d3d60e0c7fc7365049b89feff81ae394d1f62ecaf333ed3cea96,0
891,2126,180388,1,44,4eea3ac5fd08e8a3065ae96217a173f3b6c77de4f9c357473630e30803a7f071,0
892,11355,209051,2,29,7df0f4e0d86b225a15b7ba714f72e81857810c7d37a0f10c070bc66b56aa2e7f,0
893,2672,182065,1,31,3ad46652136be829e1f54e2e03f5a2b67e9d8cbadc05a71eb8a10878c4e90da0,0
894,9516,203341,1,61,77be181e9c83e513530cd7fbee0d0ab5bf4c6fd57b256885f82b44112223b3e4,0
895,8708,200814,1,75,de84907167549aecfb626fc38de595b620a55ea74496413fce310a929156dc95,0
896,1624,178810,3,31,4dc2a868843dbe1ebfffb72cb346e6629a773a8cfd30d6b806029fdc6fd2b3d5,0
897,9461,203176,1,53,509f83dc713df0658884da9031a3a223495dd84d3ba16e795b27ac1e9277f644,0
898,198,174291,2,37,e5f9ea4ac3bcfaac2109ac0237c797b52f24b8cc0c6a8eb930036fd464615c0f,0
899,2298,180917,3,25,0f3089d12f5f00270856ff1201a753b13e81c11831376b6cd711b8749d376c33,0
900,8777,201021,1,51,46ca3c7cc8c7e8bed4edf77753f77d407c5034cb04cffc317ff4abd718094a38,0
901,6055,192551,1,31,30cb31fd3c8fac2aeca12c6606f593356431ef4f61998005a3dad1e37a7d9a40,0
902,9062,201930,1,31,6a2f21c054f3b4b496f5610bae11cd0253b02a3a3a719c86f7792d5adbf55705,0
903,8855,201274,1,37,0b451800de15a0a2d2a30e5b98400e0b08f81300bd6d6773f1d0446730ee8868,0
904,1991,179959,2,24,7d8531b324c48eeea9f3d50c1858e5778fa9cca0ffc3f8642a818f02133a136b,0
905,5332,190305,1,78,19e54312e52461789f191dbf52f096f167d1dc688417cb57a8711be8e74303e0,0
906,11445,209323,1,41,2fd27ddbd3aae500a00d22ff19b096b3cd0841c837c9ee7794f69cda74719f06,0
907,372,174854,14,18,84b8005d77f6139fe34bbcbb0e9dd245d29453eadf85a166b99fe980d9475f79,0
908,7657,197542,1,13,d1eb781cf75cf64915b667a358fe130c2eae614e9655b682f3d4ffe45fbea749,0
909,4998,189262,1,66,627adf0e17b9d8bfe489658e131874fea3a353848a0d0aa3710eaa7a82b3298e,0
910,1033,176930,1,32,5a7ebff70afedd4560f81b6ac59e92367b6ccae0944a704d9a743920ec8f5a09,0
911,11248,208730,1,56,833a68c9f4dbd3fd272b6a2d4088c66137987bef355362342d08c67d9bc8ee1d,0
912,7036,195618,1,24,0ab1c9f2228d28635e064b02ee4b879835956670684b5f7b014556db9bb196ab,0
913,9787,204185,1,46,5165411aa27d57971c63297ece203698e74aec90fbcb63df4d0a6a2cec54cc05,0
914,2166,180517,3,35,717a71df73df07ad72749ab8d1b6d7620f106f1cd56f332b3830a078d4ee1436,0
915,2652,182005,1,22,ece9bcb339bc535d5aa13c1d24248f045c448b077e643b885d74ae6a26ba59f8,0
916,729,175973,1,28,9c083360c40832d12510df0b6ced1e61e7119a3e13928db7c57f12a79d53d7d5,0
917,559,175437,1,51,fc9edcf8a00370e35b553aa028e27613a5f79ad8888abff57c194f5b4f1e7b47,0
918,7082,195773,1,25,8be98e81d7332fea88747fa9c4819e66844e26f13a6082dbc431fb8a9ca8f790,0
919,11996,211038,1,41,b21f96b9d38a57ca0767f1905aa015ce96afd5d0c048febe275e4fa9ee4722e6,0
920,2146,180457,1,57,d66c890ab2fa98b6fe6740fec6cca7a7b85ad70f1edcb1e088608af72b91dc36,0
921,1779,179293,1,61,19b234495120f142e951f12e97f09cbbadf2bcf77f834dcc868e5d63b7b70155,0
922,9290,202647,1,57,a5d9708f86708a83a6fb9177b7eab7828fe74b7c6527ec54a2e6f97cf502e0b4,0
923,8841,201232,1,43,f74b32435bb42dc7ac50a4b1c1bf8b78f8417ea6c250e3383094e367db2e1137,0
924,10100,205149,1,36,3b99af7afc71f3133b7ebefe660dea5206efadf079e7122d71e29466c0b31d5a,0
925,2938,182873,1,32,cb12513beea5cd9f8c4ac82806c8b113356d6d13d40b1510f110ae34a2b864ba,0
926,1809,179387,1,119,f685a39e47a934436a9ac1812e10456b3f0ab0b5e3e764fe099f3da0699276a7,0
927,11908,210770,1,40,42e5e37400604f7e348500194d176146acab6a9195ce9f726300d847b6d64815,0
928,9778,204158,1,40,701733cc3db2980ae0ae461aa67785f3b5f13606242ba13ebc3cdf8b955b0120,0
929,6517,193974,1,73,b34d76f1bfd76d3c6282db42daa6ed8c1d96acdc0105175862e5f2247355f6b3,0
930,492,175234,1,56,b5781149b9076858dd8e6bfb65775bd0f8b5cc28472393a1ff8b01c75f06e78b,0
931,4878,188902,1,33,37bc5f2027317a5435fe2fc42e7a40bfe9658d1dae23b134eebb4f43265a0b55,0
932,10640,206838,1,86,2333d2b1544d85836c773b325b167967120494b050067e46446dd5a80aa03f2a,0
933,10669,206925,1,38,db6d3c5ae9373a943dfebf49a4de7e5cdddff4dc416b06fd24e6a52489479858,0
934,5401,190528,1,56,688245dc7f8fa33b2299b01f6949e9850f3f48ec9151ecbfa8bb662b65ed347c,0
935,8623,200548,1,48,e5f666a6ae924e60b81b63abc0eafafa901a029a73b25b0b3803edd6911d254a,0
936,1813,179399,1,88,50df9183a9183e9a0847ccd04441624022e0e9abba47233e145e594da1b9bc81,0
937,8743,200919,1,31,2d93d84de08dfc637d080bf0c411de653e9103aa683ee4897a7d8cb91fd67773,0
938,8498,200146,1,52,12f37a3fb44110aed5175e5e26dcc9976d191ca28f1c50046696f8b3e2b2f367,0
939,9531,203386,1,53,1dc47963a7362d3917c8e36d8ac216127d123db18f1ab0813251ea0309b851e3,0
940,6417,193656,1,44,eb3d87e054b7cd90129bb3427fb395dd2e7e5333189c7e2a30f78bf3a62e0016,0
941,3965,186038,1,55,24f310c4f55abee1591404d4c8e3be2806dcef01190fb6c795eeaec2984473ea,0
942,2263,180808,1,49,5734de82f08c082ceb6161391936953090f00bd5ea998c90ef2777727ee6afdc,0
943,1653,178897,1,27,83afb99c34c6ac84544b0120ddfb50f46b8cc4a903e5083bdad3b6f60bb7bd2f,0
944,302,174644,1,51,07fe37c85a9e84f14d82f965190fad799139dbb8434a7558810615212ba5e2fe,0
945,5547,190974,1,13,f6fb0092b91f0d14a7cd8d6490b55e2a30700b0daa2378b3fa3a312699305235,0
946,2352,181079,1,33,078173367f9ad9d3f4701b48b171d1c6ff668646153b5d5bd34b16b42b15dd5a,0
947,4564,187879,1,113,15da3cc7935cd0500a1b233ce9d8e75d87b681877fe0ffc234e53d5bd2275cf9,0
948,4607,188020,1,54,91220ef1627f7e1c153d7664dade1ed1f0ea3f327b4b7be38b1995cf5e04510f,0
949,4850,188786,1,44,b61e75a146f1c751252010dc99b712a7add04639eec51316525c5c761062f3a8,0
950,5315,190246,1,27,f7ecf6ce30067efbf9df6c3a6dfd57c2abc1ab242557e5a702bba619fc5e7fb3,0
951,30,173775,93,9,118ab232858fe31400f0ebe86cf92b99e5ccf9abeecbdb5877488186368a7bef,0
952,2743,182281,1,46,0d72604d4d1ddef7b840baa05f677c0a10f2992792154e6be96e3fe6f1175cd4,0
953,2437,181339,12,36,0440ec7eb159323750b5613426c2219695466600ed3edc4f00517fb52123adf4,0
954,3559,184784,1,66,23b46d32151baa9086fe5d00c2b13c22732df6c587e3e4567ab48273739e82e4,0
955,2022,180052,5,24,6902aca673a45f26190d3a8bf7a042f24e5d324c7bc273d886ab6cbcc48635d8,0
956,2490,181505,1,38,bf2c531c8b33043448105652986e4aa52bbc18602f049f350241e3c251866811,0
957,211,174343,1,50,81fb46e544ad0ab696843875ac6f23ebfa57e214dfa288a9d051d823a78155c7,0
958,8485,200103,1,60,ed33bdf7f1f2a73b72a25f1f5e9d1c34ba3c9ba43a293b55bcb41c93b51797ce,0
959,7561,197252,1,32,aa1ec7283297d6c51c20a2f5de272d3b0a61182290d8eec3643592cc3c85c58e,0
960,226,174388,3,26,cf15947fba95318658f562811992b7b03cf1ab67f23982d9cdbf473141410174,0
961,3557,184778,2,33,8935984be37f9ad1383642030d7082571346c423d73f1572b69b6a9dfec1eda9,0
962,6107,192707,1,78,30e22aabd958bee7642c3fbcf952f4bd7e414998bb5c2bb81c0f9c10d77181de,0
963,848,176345,1,45,5a1c8bdcf13d63ad73122a0ad666e67ff5a4bc1abbe6a68a9eb2dfe0f9c89f69,0
964,2374,181145,1,35,0643a5f797e1d7716d971898b44dfa2a3818838ef9f12cb2434bd43f26b54d1a,0
965,10150,205313,1,83,d4e95fab5cc34888f5aa5a773f1789d6dcf60ca0b501dd75b85e85e0daaa52c7,0
966,12909,213837,1,29,fe56f9ec59b7e79b6d586e3c82565cc65b049903b48362fa1ebc5e51bb196419,0
967,2104,180322,1,46,31fe6293b2feeba313f158735336c7f068464643f430839402c5cd389537ec57,0
968,11553,209679,1,32,daabdcaaad1332bf94774febe174166c7b088e5a9d3f05bcb6c26f3f349759ec,0
969,10780,207275,1,32,77eeed951cd6215395914726c0f1346becd7d44083331c9a8e09d9906610ccab,0
970,12590,212845,1,30,21002827e9f70c5950683bfc41061f204b6a4940eb180fad5e24dc52a91ff3ef,0
971,2009,180013,1,46,8a35b587a3faae0cd77122091d05b6ba415eb3eff7a713c4f3c27e50196344bb,0
972,10912,207708,1,47,d13215519bb441de73546d4a60a06d2b1e74e6220b12444db3e6d667fb79ffb4,0
973,12317,212012,1,61,d0aafa73e214ffef0fb74b29c13f42314ab0aff6517fb7468ba0674d48aac20c,0
974,4999,189265,1,34,aafa82114a820e16175046c9ac5fb4696338e3dfc187102e5f53d92d76a16551,0
975,12778,213423,1,24,4a252fedd3902eb78b8d667cdd09a787963d2e5e41beb930bcda6d6048dca7ad,0
976,11081,208229,1,55,a72425aaca9f0b969f5b14fee92983a4dc8edc9a286f00ba439385caa4497773,0
977,467,175147,1,50,736d6406099bf280cf344330bad475416205a06f16763c4af5bb78093f10ccdf,0
978,1003,176822,4,26,68987f3c2e3be43027ef4e58b7d2b117cf9bbe8cce2c03fa3ce4fcd55abe6587,0
979,11630,209910,1,32,17b2fc0ce1ed6ac6830ce4d63f4c54068c0f695706cac6f30d50efe268df5cbd,0
980,9611,203642,1,47,97d48f22850fd12ab3082d6f86fab900168d99d376ccd89ada1db3e7658cbe72,0
981,10279,205721,1,37,8d280848b33d7db67b8c7f95a4ef6524fc4a87cd558995a609a98f4253c5c189,0
982,1982,179932,1,42,f45754b398cd57dc43a31d324ebf60bd9a21782965dafbc59de703dfdecfdca9,0
983,11934,210848,1,41,c79224eda32f2d4408a65268a6590f7747daf4afc38c07e30587b58c3cc2956b,0
984,10646,206856,1,43,3d72d50d11f6aaa79a66d8d68ee784756d0a27b8c0d3b47be4f46acc1b63a87c,0
985,1246,177603,1,47,0dcf81fa7f697349152bc271500959620a5c8e2d18d588eaf15d0e8b68c48b7c,0
986,1419,178152,1,13,d5b98669ebf4c2e2e543061b901d8565ae1758e8eb62378d55ce827015158e30,0
987,7529,197156,1,55,917aaad031aecc488c501ea5bda14307d8cda41af9a9d372d60d2b0311dc69d7,0
988,2819,182509,1,104,62497953712ae7cf2a183231958f5a4f12e5ccec76347eb6caee0d498fd0ffaf,0
989,1086,177089,3,24,e6bb1724d6045483dc288a5cd94d0f3817fd93f912e12071a406b06647eef8d9,0
990,2359,181100,2,36,d31b47e031699a47e5f9006664a049eda59deed9edc0797d429e044b26354977,0
991,6359,193482,1,24,7cab1fd79294c6464b18e5f67250039550abce4212ba83010268902d8b1750b0,0
992,7606,197387,1,31,d7cfede0835033c31b71bfecaf9693948cad562386752ae469108a9af35f4346,0
993,9058,201918,1,36,1ac38d72a8dbf83e75f4a829b97870950116250d642a683a5d50d8afde31703a,0
994,13030,214205,1,21,757b923954d999ecb9b83470ea1d2b44b59dd6ba798e7dddb17906e1106755d1,0
995,6870,195103,1,49,2960b3963220de8da46005d50f7fc48b38e96fce165a09e541aab2d89ede0328,0
996,12384,212226,1,62,ecf0b75fdf84c71d9635ef4ecc570d42a0668dbbe819f5d89957847a23d868d9,0
997,10374,206026,1,28,ad898985a9df259b7e9a6ba0ff25d4a8cf119d32fd007df8224361543988407d,0
998,4809,188663,1,82,eb252ab2dbddb288ce2620c7b86bf7cb78cff4b81b8800ae39d31ad07689b69c,0
999,10366,206002,1,35,8d11182ea10f5d9750f83bdea8ea0a864cb49c53732ed69c9a850d4c0b212c8c,0
1000,10889,207632,1,32,102c74523fad07caff240e693a463d8d958920ccea2456f807f7a5b2ab474a67,0
